Date,Open,Hight,Low,Close,Volume,Adj Close
1989/04/27,2780,2800,2780,2800,2261000,2545.5
1989/04/28,2780,2790,2780,2780,451000,2527.3
1989/05/01,2780,2790,2780,2780,134000,2527.3
1989/05/02,2780,2780,2780,2780,96000,2527.3
1989/05/08,2780,2780,2780,2780,117000,2527.3
1989/05/09,2780,2790,2780,2790,61000,2536.4
1989/05/10,2780,2790,2780,2780,50000,2527.3
1989/05/11,2780,2790,2780,2790,32000,2536.4
1989/05/12,2780,2790,2780,2790,95000,2536.4
1989/05/15,2780,2780,2780,2780,39000,2527.3
1989/05/16,2780,2800,2780,2800,108000,2545.5
1989/05/17,2780,2790,2780,2780,29000,2527.3
1989/05/18,2780,2800,2780,2790,44000,2536.4
1989/05/19,2780,2800,2780,2800,20000,2545.5
1989/05/22,2790,2790,2780,2780,11000,2527.3
1989/05/23,2780,2790,2780,2790,58000,2536.4
1989/05/24,2780,2780,2780,2780,16000,2527.3
1989/05/25,2780,2790,2780,2780,32000,2527.3
1989/05/26,2780,2780,2780,2780,25000,2527.3
1989/05/29,2780,2790,2780,2780,46000,2527.3
1989/05/30,2790,2790,2790,2790,45000,2536.4
1989/05/31,2790,2800,2790,2790,34000,2536.4
1989/06/01,2790,2790,2780,2780,32000,2527.3
1989/06/02,2770,2780,2770,2770,24000,2518.2
1989/06/05,2790,2790,2760,2790,78000,2536.4
1989/06/06,2790,2790,2780,2790,72000,2536.4
1989/06/07,2790,2790,2790,2790,49000,2536.4
1989/06/08,2790,2790,2790,2790,27000,2536.4
1989/06/09,2790,2800,2790,2790,47000,2536.4
1989/06/12,2790,2800,2780,2780,45000,2527.3
1989/06/13,2780,2790,2780,2790,33000,2536.4
1989/06/14,2780,2780,2780,2780,25000,2527.3
1989/06/15,2780,2790,2780,2780,59000,2527.3
1989/06/16,2790,2790,2790,2790,69000,2536.4
1989/06/19,2780,2780,2780,2780,30000,2527.3
1989/06/20,2780,2850,2780,2820,99000,2563.6
1989/06/21,2820,2820,2780,2820,35000,2563.6
1989/06/22,2780,2820,2780,2820,54000,2563.6
1989/06/23,2820,2840,2820,2820,49000,2563.6
1989/06/26,2820,2820,2820,2820,47000,2563.6
1989/06/27,2820,2820,2810,2810,37000,2554.6
1989/06/28,2810,2820,2780,2820,44000,2563.6
1989/06/29,2810,2810,2800,2800,10000,2545.5
1989/06/30,2800,2800,2790,2800,34000,2545.5
1989/07/03,2800,2800,2790,2800,26000,2545.5
1989/07/04,2800,2800,2800,2800,20000,2545.5
1989/07/05,2800,2800,2800,2800,20000,2545.5
1989/07/06,2800,2800,2800,2800,21000,2545.5
1989/07/07,2800,2800,2800,2800,32000,2545.5
1989/07/10,2800,2800,2800,2800,11000,2545.5
1989/07/11,2790,2790,2790,2790,15000,2536.4
1989/07/12,2790,2790,2790,2790,25000,2536.4
1989/07/13,2790,2790,2790,2790,16000,2536.4
1989/07/14,2790,2790,2790,2790,4000,2536.4
1989/07/17,2770,2770,2770,2770,4000,2518.2
1989/07/18,2770,2780,2770,2780,63000,2527.3
1989/07/19,2770,2780,2770,2780,14000,2527.3
1989/07/20,2780,2790,2780,2780,20000,2527.3
1989/07/21,2780,2780,2770,2770,9000,2518.2
1989/07/24,2780,2780,2770,2770,2000,2518.2
1989/07/25,2770,2770,2770,2770,20000,2518.2
1989/07/26,2770,2770,2770,2770,11000,2518.2
1989/07/27,2760,2770,2760,2760,12000,2509.1
1989/07/28,2770,2770,2770,2770,13000,2518.2
1989/07/31,2780,2790,2770,2790,12000,2536.4
1989/08/01,2780,2780,2780,2780,8000,2527.3
1989/08/02,2780,2780,2780,2780,6000,2527.3
1989/08/03,2790,2790,2780,2790,20000,2536.4
1989/08/04,2790,2790,2780,2780,18000,2527.3
1989/08/07,2770,2770,2770,2770,10000,2518.2
1989/08/08,2770,2770,2760,2760,21000,2509.1
1989/08/09,2760,2770,2760,2770,14000,2518.2
1989/08/10,2760,2760,2760,2760,1000,2509.1
1989/08/11,2760,2770,2760,2770,10000,2518.2
1989/08/14,2760,2760,2760,2760,3000,2509.1
1989/08/15,2760,2760,2760,2760,9000,2509.1
1989/08/16,2760,2760,2760,2760,5000,2509.1
1989/08/17,2760,2770,2760,2770,12000,2518.2
1989/08/18,2760,2780,2760,2780,29000,2527.3
1989/08/21,2760,2770,2760,2760,15000,2509.1
1989/08/22,2760,2780,2760,2780,19000,2527.3
1989/08/23,2760,2760,2760,2760,9000,2509.1
1989/08/24,2760,2760,2760,2760,5000,2509.1
1989/08/25,2770,2780,2760,2780,26000,2527.3
1989/08/28,2780,2780,2780,2780,3000,2527.3
1989/08/29,2760,2760,2760,2760,13000,2509.1
1989/08/30,2760,2770,2760,2770,17000,2518.2
1989/08/31,2760,2760,2760,2760,25000,2509.1
1989/09/01,2760,2760,2760,2760,18000,2509.1
1989/09/04,2760,2770,2760,2770,20000,2518.2
1989/09/05,2760,2780,2760,2780,22000,2527.3
1989/09/06,2760,2780,2760,2780,31000,2527.3
1989/09/07,2760,2780,2760,2760,10000,2509.1
1989/09/08,2760,2760,2760,2760,20000,2509.1
1989/09/11,2760,2770,2760,2770,15000,2518.2
1989/09/12,2770,2780,2770,2780,24000,2527.3
1989/09/13,2770,2780,2770,2780,25000,2527.3
1989/09/14,2770,2780,2770,2770,11000,2518.2
1989/09/18,2770,2780,2770,2780,20000,2527.3
1989/09/19,2770,2770,2750,2770,15000,2518.2
1989/09/20,2760,2770,2760,2770,18000,2518.2
1989/09/21,2770,2770,2750,2770,27000,2518.2
1989/09/22,2760,2760,2760,2760,11000,2509.1
1989/09/25,2760,2760,2760,2760,14000,2509.1
1989/09/26,2760,2760,2760,2760,24000,2509.1
1989/09/27,2750,2750,2750,2750,20000,2500
1989/09/28,2740,2750,2740,2740,12000,2490.9
1989/09/29,2740,2750,2740,2740,21000,2490.9
1989/10/03,2730,2750,2730,2750,12000,2500
1989/10/04,2720,2740,2720,2720,11000,2472.7
1989/10/05,2720,2720,2720,2720,11000,2472.7
1989/10/06,2720,2720,2720,2720,9000,2472.7
1989/10/09,2720,2720,2720,2720,8000,2472.7
1989/10/11,2720,2720,2720,2720,9000,2472.7
1989/10/12,2710,2710,2700,2700,9000,2454.6
1989/10/13,2700,2700,2700,2700,10000,2454.6
1989/10/16,2690,2690,2680,2680,6000,2436.4
1989/10/17,2680,2700,2670,2700,22000,2454.6
1989/10/18,2690,2690,2690,2690,15000,2445.5
1989/10/19,2690,2690,2690,2690,10000,2445.5
1989/10/20,2680,2680,2680,2680,9000,2436.4
1989/10/23,2680,2680,2670,2670,15000,2427.3
1989/10/24,2670,2670,2670,2670,20000,2427.3
1989/10/25,2670,2670,2670,2670,7000,2427.3
1989/10/26,2670,2680,2670,2680,32000,2436.4
1989/10/27,2720,2720,2700,2720,44000,2472.7
1989/10/30,2720,2720,2700,2700,3000,2454.6
1989/10/31,2700,2700,2700,2700,13000,2454.6
1989/11/01,2700,2700,2700,2700,4000,2454.6
1989/11/02,2700,2730,2700,2730,8000,2481.8
1989/11/06,2760,2760,2760,2760,5000,2509.1
1989/11/07,2750,2760,2750,2750,10000,2500
1989/11/08,2750,2750,2730,2730,9000,2481.8
1989/11/09,2750,2750,2730,2730,7000,2481.8
1989/11/10,2730,2750,2720,2720,17000,2472.7
1989/11/13,2720,2720,2720,2720,8000,2472.7
1989/11/14,2730,2730,2720,2720,11000,2472.7
1989/11/15,2730,2730,2730,2730,15000,2481.8
1989/11/16,2730,2730,2720,2720,17000,2472.7
1989/11/17,2720,2720,2720,2720,16000,2472.7
1989/11/20,2720,2720,2720,2720,14000,2472.7
1989/11/21,2720,2730,2720,2720,20000,2472.7
1989/11/22,2720,2720,2720,2720,3000,2472.7
1989/11/24,2680,2680,2680,2680,4000,2436.4
1989/11/27,2710,2710,2700,2700,7000,2454.6
1989/11/28,2690,2690,2680,2680,2000,2436.4
1989/11/29,2700,2700,2700,2700,13000,2454.6
1989/12/04,2700,2700,2700,2700,6000,2454.6
1989/12/06,2700,2700,2700,2700,30000,2454.6
1989/12/07,2700,2710,2680,2700,16000,2454.6
1989/12/11,2690,2700,2680,2700,10000,2454.6
1989/12/12,2700,2720,2700,2700,17000,2454.6
1989/12/13,2750,2770,2750,2770,7000,2518.2
1989/12/14,2750,2750,2750,2750,9000,2500
1989/12/15,2750,2800,2720,2800,12000,2545.5
1989/12/18,2760,2840,2760,2840,14000,2581.8
1989/12/19,2820,2820,2800,2800,17000,2545.5
1989/12/20,2820,2890,2810,2810,26000,2554.6
1989/12/21,2810,2850,2810,2810,8000,2554.6
1989/12/22,2810,2850,2810,2850,16000,2590.9
1989/12/25,2820,2820,2820,2820,13000,2563.6
1989/12/26,2830,2830,2820,2820,16000,2563.6
1989/12/27,2820,2820,2780,2780,14000,2527.3
1989/12/28,2800,2800,2800,2800,2000,2545.5
1989/12/29,2840,2850,2840,2840,13000,2581.8
1990/01/04,2850,2850,2850,2850,1000,2590.9
1990/01/05,2850,2850,2850,2850,3000,2590.9
1990/01/08,2860,2860,2850,2850,10000,2590.9
1990/01/09,2850,2850,2830,2830,11000,2572.7
1990/01/10,2840,2860,2840,2850,11000,2590.9
1990/01/11,2850,2850,2840,2850,13000,2590.9
1990/01/12,2860,2890,2850,2870,17000,2609.1
1990/01/16,2850,2850,2820,2850,28000,2590.9
1990/01/17,2860,2860,2850,2850,19000,2590.9
1990/01/18,2850,2850,2830,2850,26000,2590.9
1990/01/19,2840,2850,2830,2830,38000,2572.7
1990/01/22,2840,2850,2840,2850,15000,2590.9
1990/01/23,2860,2870,2860,2870,4000,2609.1
1990/01/24,2870,2870,2870,2870,9000,2609.1
1990/01/25,2870,2870,2850,2850,6000,2590.9
1990/01/26,2860,2860,2850,2850,9000,2590.9
1990/01/29,2850,2850,2840,2850,10000,2590.9
1990/01/30,2860,2870,2850,2870,11000,2609.1
1990/01/31,2850,2850,2850,2850,4000,2590.9
1990/02/01,2850,2850,2820,2850,8000,2590.9
1990/02/02,2830,2850,2830,2850,4000,2590.9
1990/02/05,2850,2850,2850,2850,3000,2590.9
1990/02/06,2850,2870,2850,2850,9000,2590.9
1990/02/07,2860,2860,2850,2850,7000,2590.9
1990/02/08,2860,2860,2830,2830,37000,2572.7
1990/02/09,2830,2830,2820,2820,29000,2563.6
1990/02/13,2830,2870,2830,2870,12000,2609.1
1990/02/14,2850,2870,2850,2850,11000,2590.9
1990/02/15,2860,2860,2860,2860,11000,2600
1990/02/16,2850,2850,2840,2840,8000,2581.8
1990/02/19,2850,2850,2850,2850,3000,2590.9
1990/02/20,2850,2850,2850,2850,4000,2590.9
1990/02/21,2850,2850,2850,2850,6000,2590.9
1990/02/22,2820,2820,2820,2820,3000,2563.6
1990/02/26,2820,2820,2820,2820,3000,2563.6
1990/02/27,2780,2780,2780,2780,4000,2527.3
1990/02/28,2780,2780,2780,2780,3000,2527.3
1990/03/01,2780,2780,2780,2780,2000,2527.3
1990/03/02,2760,2760,2750,2750,4000,2500
1990/03/05,2710,2710,2710,2710,1000,2463.6
1990/03/06,2710,2710,2670,2710,4000,2463.6
1990/03/07,2700,2700,2700,2700,4000,2454.6
1990/03/08,2700,2700,2700,2700,1000,2454.6
1990/03/09,2700,2700,2700,2700,3000,2454.6
1990/03/12,2700,2700,2700,2700,17000,2454.6
1990/03/13,2700,2700,2700,2700,10000,2454.6
1990/03/14,2690,2690,2690,2690,1000,2445.5
1990/03/15,2680,2680,2680,2680,5000,2436.4
1990/03/16,2680,2680,2670,2670,15000,2427.3
1990/03/19,2660,2660,2660,2660,1000,2418.2
1990/03/20,2580,2580,2580,2580,3000,2345.5
1990/03/22,2580,2580,2580,2580,2000,2345.5
1990/03/26,2560,2560,2560,2560,10000,2327.3
1990/03/27,2350,2350,2350,2350,1000,2350
1990/04/03,2310,2310,2310,2310,1000,2310
1990/04/05,2270,2270,2270,2270,4000,2270
1990/04/06,2200,2270,2190,2270,9000,2270
1990/04/09,2280,2280,2280,2280,19000,2280
1990/04/13,2280,2280,2280,2280,1000,2280
1990/04/18,2240,2240,2240,2240,10000,2240
1990/04/19,2230,2230,2230,2230,2000,2230
1990/04/20,2230,2230,2230,2230,1000,2230
1990/04/24,2130,2130,2130,2130,59000,2130
1990/04/25,2050,2050,2010,2010,94000,2010
1990/04/26,2000,2000,1920,1920,36000,1920
1990/04/27,2000,2000,1920,1980,29000,1980
1990/05/01,1980,1980,1950,1950,17000,1950
1990/05/02,1950,2050,1950,2050,13000,2050
1990/05/07,1990,2000,1960,1960,5000,1960
1990/05/08,1970,1980,1970,1980,16000,1980
1990/05/09,1970,1980,1960,1980,7000,1980
1990/05/10,1970,1980,1970,1980,11000,1980
1990/05/11,1980,1980,1980,1980,4000,1980
1990/05/14,1980,2000,1980,2000,20000,2000
1990/05/15,2000,2000,1980,2000,14000,2000
1990/05/16,1980,2000,1980,2000,14000,2000
1990/05/17,2000,2000,2000,2000,3000,2000
1990/05/18,1980,2010,1980,2010,23000,2010
1990/05/21,2000,2050,2000,2010,13000,2010
1990/05/22,2000,2000,2000,2000,1000,2000
1990/05/23,2000,2000,1990,2000,15000,2000
1990/05/24,1990,2000,1990,2000,4000,2000
1990/05/25,1980,1980,1980,1980,1000,1980
1990/05/28,1950,2000,1950,1990,35000,1990
1990/05/29,1980,1980,1980,1980,4000,1980
1990/05/30,1970,1980,1950,1980,7000,1980
1990/05/31,1980,1980,1960,1980,13000,1980
1990/06/01,1970,1970,1950,1970,21000,1970
1990/06/04,1980,2000,1970,2000,19000,2000
1990/06/05,1980,2000,1970,1980,20000,1980
1990/06/06,1970,2000,1970,1990,45000,1990
1990/06/07,1990,1990,1980,1990,29000,1990
1990/06/08,1980,1980,1970,1980,12000,1980
1990/06/11,1980,1980,1980,1980,3000,1980
1990/06/12,1970,1980,1950,1950,9000,1950
1990/06/13,1970,1970,1950,1960,15000,1960
1990/06/14,1960,1970,1950,1950,7000,1950
1990/06/15,1960,1970,1960,1960,22000,1960
1990/06/18,1960,1960,1950,1950,4000,1950
1990/06/19,1980,1990,1980,1990,34000,1990
1990/06/20,2000,2000,1990,2000,29000,2000
1990/06/21,1990,2000,1990,2000,20000,2000
1990/06/22,1990,1990,1990,1990,2000,1990
1990/06/26,2000,2000,1980,1980,32000,1980
1990/06/27,1990,2030,1990,2030,104000,2030
1990/06/28,2000,2010,2000,2010,6000,2010
1990/06/29,2000,2000,2000,2000,9000,2000
1990/07/02,2000,2000,2000,2000,11000,2000
1990/07/03,1980,1990,1980,1980,11000,1980
1990/07/04,1980,1980,1980,1980,10000,1980
1990/07/05,1980,1980,1970,1970,11000,1970
1990/07/09,1980,1980,1980,1980,6000,1980
1990/07/10,1980,1980,1980,1980,8000,1980
1990/07/11,1980,1980,1980,1980,11000,1980
1990/07/12,1980,1980,1980,1980,9000,1980
1990/07/13,1980,1980,1980,1980,10000,1980
1990/07/16,1980,1980,1980,1980,9000,1980
1990/07/17,1980,2000,1980,2000,57000,2000
1990/07/18,2000,2000,1990,1990,58000,1990
1990/07/19,1990,1990,1990,1990,10000,1990
1990/07/20,1990,2000,1980,2000,43000,2000
1990/07/24,1980,1980,1980,1980,10000,1980
1990/07/25,1980,2000,1980,2000,50000,2000
1990/07/26,2000,2000,1980,1980,18000,1980
1990/07/27,1970,1970,1970,1970,10000,1970
1990/07/30,1970,1970,1970,1970,30000,1970
1990/07/31,1970,1970,1970,1970,10000,1970
1990/08/01,1970,1970,1970,1970,7000,1970
1990/08/02,1960,1960,1960,1960,3000,1960
1990/08/03,1970,1970,1970,1970,22000,1970
1990/08/06,1970,1970,1950,1950,25000,1950
1990/08/08,1930,1930,1930,1930,5000,1930
1990/08/09,1930,1930,1930,1930,4000,1930
1990/08/28,1780,1780,1780,1780,10000,1780
1990/08/29,1780,1780,1770,1770,3000,1770
1990/08/31,1670,1670,1670,1670,1000,1670
1990/09/07,1380,1380,1380,1380,7000,1380
1990/09/11,1290,1290,1290,1290,6000,1290
1990/09/12,1270,1270,1240,1240,9000,1240
1990/09/13,1260,1260,1250,1250,4000,1250
1990/09/14,1250,1250,1250,1250,2000,1250
1990/09/18,1230,1230,1230,1230,5000,1230
1990/09/19,1210,1210,1210,1210,1000,1210
1990/09/20,1190,1190,1190,1190,1000,1190
1990/09/28,1080,1080,1080,1080,10000,1080
1990/10/01,1060,1060,1060,1060,4000,1060
1990/10/02,1020,1090,1020,1090,22000,1090
1990/10/03,1110,1140,1100,1140,11000,1140
1990/10/04,1150,1200,1150,1200,13000,1200
1990/10/05,1200,1230,1200,1230,9000,1230
1990/10/08,1230,1230,1230,1230,1000,1230
1990/10/09,1250,1250,1240,1240,14000,1240
1990/10/11,1260,1260,1250,1250,2000,1250
1990/10/12,1250,1260,1250,1260,5000,1260
1990/10/16,1250,1250,1240,1240,11000,1240
1990/10/17,1240,1240,1240,1240,11000,1240
1990/10/18,1220,1240,1220,1240,22000,1240
1990/10/19,1250,1320,1250,1320,22000,1320
1990/10/22,1340,1350,1340,1350,4000,1350
1990/10/23,1350,1350,1310,1310,7000,1310
1990/10/25,1340,1340,1330,1330,2000,1330
1990/10/26,1330,1340,1330,1330,21000,1330
1990/11/01,1330,1330,1330,1330,3000,1330
1990/11/19,1300,1300,1300,1300,1000,1300
1990/11/20,1300,1300,1300,1300,5000,1300
1990/11/26,1270,1270,1270,1270,5000,1270
1990/11/27,1250,1250,1250,1250,3000,1250
1990/11/28,1250,1250,1250,1250,10000,1250
1990/12/05,1230,1230,1230,1230,5000,1230
1990/12/07,1230,1230,1230,1230,1000,1230
1990/12/12,1240,1240,1230,1230,25000,1230
1990/12/13,1220,1220,1210,1210,7000,1210
1990/12/14,1210,1210,1210,1210,2000,1210
1990/12/19,1190,1190,1190,1190,1000,1190
1990/12/25,1210,1210,1210,1210,1000,1210
1991/01/09,1190,1190,1190,1190,2000,1190
1991/01/10,1190,1200,1180,1200,11000,1200
1991/01/11,1200,1200,1190,1200,21000,1200
1991/01/14,1190,1190,1190,1190,3000,1190
1991/01/17,1190,1200,1190,1200,16000,1200
1991/01/18,1200,1200,1190,1190,12000,1190
1991/01/21,1200,1200,1200,1200,2000,1200
1991/01/22,1200,1210,1200,1200,15000,1200
1991/01/23,1200,1200,1200,1200,20000,1200
1991/01/24,1200,1200,1190,1190,6000,1190
1991/01/25,1200,1200,1200,1200,3000,1200
1991/01/28,1200,1200,1200,1200,1000,1200
1991/01/29,1210,1210,1200,1210,5000,1210
1991/01/30,1200,1200,1200,1200,1000,1200
1991/02/05,1200,1200,1200,1200,1000,1200
1991/02/07,1190,1190,1190,1190,1000,1190
1991/02/08,1190,1190,1190,1190,4000,1190
1991/02/12,1180,1220,1180,1220,14000,1220
1991/02/13,1220,1230,1220,1220,18000,1220
1991/02/14,1210,1210,1200,1200,3000,1200
1991/02/15,1210,1210,1200,1200,3000,1200
1991/02/18,1210,1230,1210,1230,4000,1230
1991/02/19,1240,1250,1230,1240,5000,1240
1991/02/20,1220,1220,1210,1210,17000,1210
1991/02/21,1210,1210,1200,1210,10000,1210
1991/02/22,1210,1210,1210,1210,2000,1210
1991/02/25,1200,1210,1190,1210,3000,1210
1991/02/26,1190,1210,1190,1210,7000,1210
1991/03/08,1200,1200,1200,1200,3000,1200
1991/03/12,1180,1180,1180,1180,11000,1180
1991/03/13,1180,1180,1180,1180,9000,1180
1991/03/14,1180,1180,1180,1180,2000,1180
1991/03/15,1170,1180,1170,1180,8000,1180
1991/03/18,1190,1210,1180,1200,16000,1200
1991/03/19,1210,1220,1200,1200,5000,1200
1991/03/20,1200,1200,1190,1190,4000,1190
1991/03/22,1190,1190,1180,1180,8000,1180
1991/03/25,1190,1190,1180,1180,11000,1180
1991/03/27,1180,1180,1180,1180,1000,1180
1991/03/29,1200,1220,1200,1200,6000,1200
1991/04/01,1200,1200,1200,1200,4000,1200
1991/04/02,1190,1190,1190,1190,1000,1190
1991/04/03,1200,1200,1180,1180,7000,1180
1991/04/04,1180,1200,1180,1200,9000,1200
1991/04/05,1200,1200,1200,1200,1000,1200
1991/04/08,1190,1190,1190,1190,2000,1190
1991/04/09,1200,1200,1200,1200,3000,1200
1991/04/11,1180,1180,1180,1180,1000,1180
1991/04/17,1180,1180,1180,1180,1000,1180
1991/04/18,1180,1180,1180,1180,3000,1180
1991/04/19,1180,1180,1180,1180,1000,1180
1991/04/22,1180,1180,1180,1180,5000,1180
1991/04/24,1190,1190,1180,1180,7000,1180
1991/04/30,1170,1170,1170,1170,8000,1170
1991/05/01,1170,1170,1170,1170,5000,1170
1991/05/07,1170,1170,1170,1170,6000,1170
1991/05/08,1170,1170,1170,1170,9000,1170
1991/05/15,1150,1150,1130,1150,4000,1150
1991/05/17,1130,1130,1130,1130,1000,1130
1991/05/20,1130,1130,1130,1130,2000,1130
1991/05/21,1130,1130,1130,1130,4000,1130
1991/05/22,1130,1130,1130,1130,22000,1130
1991/05/24,1130,1130,1130,1130,11000,1130
1991/05/29,1120,1120,1090,1090,8000,1090
1991/05/30,1070,1070,1050,1050,30000,1050
1991/05/31,1070,1090,1070,1090,7000,1090
1991/06/03,1090,1090,1090,1090,1000,1090
1991/06/04,1080,1080,1080,1080,2000,1080
1991/06/05,1080,1080,1080,1080,1000,1080
1991/06/07,1070,1070,1070,1070,1000,1070
1991/06/10,1070,1100,1070,1100,5000,1100
1991/06/11,1100,1100,1100,1100,1000,1100
1991/06/13,1100,1100,1100,1100,3000,1100
1991/06/14,1080,1100,1080,1100,2000,1100
1991/06/17,1100,1100,1100,1100,2000,1100
1991/06/18,1100,1100,1100,1100,3000,1100
1991/06/19,1090,1090,1090,1090,1000,1090
1991/06/20,1070,1070,1070,1070,1000,1070
1991/06/21,1070,1100,1070,1100,10000,1100
1991/06/24,1080,1080,1060,1060,16000,1060
1991/06/25,1080,1100,1080,1100,26000,1100
1991/06/26,1080,1100,1080,1100,8000,1100
1991/06/27,1080,1100,1080,1100,6000,1100
1991/06/28,1080,1080,1080,1080,4000,1080
1991/07/01,1060,1060,1060,1060,1000,1060
1991/07/02,1080,1090,1080,1090,16000,1090
1991/07/03,1090,1090,1090,1090,15000,1090
1991/07/04,1090,1090,1080,1090,20000,1090
1991/07/05,1090,1090,1090,1090,8000,1090
1991/07/08,1090,1090,1090,1090,27000,1090
1991/07/09,1090,1090,1080,1080,16000,1080
1991/07/10,1080,1080,1080,1080,1000,1080
1991/07/11,1090,1090,1080,1090,34000,1090
1991/07/12,1090,1090,1090,1090,4000,1090
1991/07/15,1090,1100,1080,1100,11000,1100
1991/07/16,1100,1100,1090,1090,5000,1090
1991/07/18,1090,1090,1090,1090,3000,1090
1991/07/19,1090,1100,1090,1090,7000,1090
1991/07/22,1090,1100,1090,1100,23000,1100
1991/07/23,1100,1100,1100,1100,4000,1100
1991/07/24,1100,1100,1100,1100,1000,1100
1991/07/25,1100,1100,1100,1100,2000,1100
1991/07/26,1100,1100,1100,1100,12000,1100
1991/07/31,1090,1090,1090,1090,6000,1090
1991/08/01,1090,1090,1090,1090,4000,1090
1991/08/02,1090,1090,1090,1090,7000,1090
1991/08/05,1090,1090,1090,1090,3000,1090
1991/08/06,1090,1090,1090,1090,5000,1090
1991/08/07,1090,1090,1090,1090,2000,1090
1991/08/08,1090,1090,1090,1090,4000,1090
1991/08/09,1090,1090,1090,1090,9000,1090
1991/08/21,1060,1060,1060,1060,2000,1060
1991/08/29,1010,1010,1010,1010,1000,1010
1991/08/30,1010,1010,1010,1010,5000,1010
1991/09/02,1010,1010,1010,1010,1000,1010
1991/09/03,1000,1030,1000,1030,27000,1030
1991/09/04,1020,1020,1020,1020,3000,1020
1991/09/05,1030,1030,1020,1020,23000,1020
1991/09/06,1020,1030,1020,1030,12000,1030
1991/09/12,1000,1000,1000,1000,3000,1000
1991/09/13,1020,1020,1020,1020,9000,1020
1991/09/17,1020,1020,1020,1020,3000,1020
1991/09/18,1020,1020,1020,1020,1000,1020
1991/09/19,1010,1010,1010,1010,1000,1010
1991/09/20,1010,1010,1010,1010,2000,1010
1991/09/24,1010,1010,1010,1010,2000,1010
1991/09/26,1010,1010,1010,1010,100000,1010
1991/09/27,1010,1010,1010,1010,320000,1010
1991/09/30,1010,1010,1010,1010,1000,1010
1991/10/03,1010,1010,1010,1010,5000,1010
1991/10/04,1010,1020,1000,1020,24000,1020
1991/10/07,1000,1020,1000,1020,26000,1020
1991/10/18,1010,1020,1010,1010,15000,1010
1991/10/21,1010,1020,1010,1020,21000,1020
1991/10/22,1020,1020,1010,1010,12000,1010
1991/10/23,1010,1020,1010,1020,116000,1020
1991/10/24,1020,1020,1010,1010,5000,1010
1991/10/25,1010,1010,1010,1010,2000,1010
1991/10/28,1010,1020,1000,1020,152000,1020
1991/10/29,1010,1010,1010,1010,3000,1010
1991/10/30,1010,1010,1010,1010,2000,1010
1991/10/31,1010,1010,1010,1010,2000,1010
1991/11/05,1010,1010,1010,1010,2000,1010
1991/11/11,1000,1000,1000,1000,1000,1000
1991/11/12,1020,1020,1020,1020,2000,1020
1991/11/14,1000,1000,1000,1000,1000,1000
1991/11/18,1000,1010,990,1010,21000,1010
1991/11/27,990,1000,990,1000,5000,1000
1991/11/28,1000,1000,1000,1000,3000,1000
1991/12/02,999,999,999,999,2000,999
1991/12/27,990,990,990,990,1000,990
1991/12/30,990,998,990,998,5000,998
1992/01/06,997,997,997,997,31000,997
1992/01/10,990,990,990,990,1000,990
1992/01/14,960,960,960,960,2000,960
1992/01/16,960,960,960,960,1000,960
1992/01/24,940,940,940,940,2000,940
1992/02/04,938,938,938,938,1000,938
1992/02/06,938,938,938,938,1000,938
1992/02/13,931,931,931,931,2000,931
1992/02/17,879,879,879,879,2000,879
1992/02/20,789,789,789,789,15000,789
1992/02/21,789,789,789,789,1000,789
1992/02/25,740,740,740,740,17000,740
1992/02/26,740,742,739,740,12000,740
1992/02/28,750,750,750,750,2000,750
1992/03/02,740,740,740,740,3000,740
1992/03/05,700,700,700,700,10000,700
1992/03/06,700,700,700,700,7000,700
1992/03/09,700,700,700,700,3000,700
1992/03/16,650,650,650,650,12000,650
1992/03/24,650,650,650,650,1000,650
1992/04/16,623,623,623,623,1000,623
1992/04/17,613,623,613,623,2000,623
1992/04/20,610,610,610,610,1000,610
1992/04/24,610,610,610,610,8000,610
1992/04/28,610,610,610,610,9000,610
1992/05/01,610,610,610,610,3000,610
1992/05/12,610,610,610,610,4000,610
1992/05/14,610,610,610,610,2000,610
1992/05/19,600,600,600,600,1000,600
1992/05/21,610,610,610,610,3000,610
1992/05/26,610,610,610,610,14000,610
1992/06/25,610,615,610,615,27000,615
1992/06/26,615,615,615,615,10000,615
1992/07/01,615,615,615,615,3000,615
1992/07/28,608,608,608,608,18000,608
1992/07/31,600,600,600,600,1000,600
1992/08/20,510,510,510,510,2000,510
1992/08/24,500,500,499,500,10000,500
1992/08/25,499,499,490,490,15000,490
1992/08/26,495,500,490,490,16000,490
1992/08/27,490,490,490,490,1000,490
1992/08/28,500,515,500,515,23000,515
1992/08/31,541,541,525,540,37000,540
1992/09/01,546,555,537,539,64000,539
1992/09/03,539,539,539,539,3000,539
1992/09/04,549,585,549,585,16000,585
1992/09/07,586,599,586,590,14000,590
1992/09/08,590,590,545,545,20000,545
1992/09/09,546,550,530,530,24000,530
1992/09/10,540,560,540,541,31000,541
1992/09/11,551,551,520,520,32000,520
1992/09/14,525,525,525,525,1000,525
1992/09/17,531,531,531,531,1000,531
1992/09/21,530,530,510,510,15000,510
1992/09/24,510,510,510,510,5000,510
1992/09/25,510,510,510,510,8000,510
1992/09/28,480,480,480,480,1000,480
1992/09/29,480,480,480,480,6000,480
1992/09/30,480,480,480,480,5000,480
1992/10/01,480,480,480,480,4000,480
1992/10/02,480,485,480,480,7000,480
1992/10/06,475,478,475,475,4000,475
1992/10/07,476,476,475,475,6000,475
1992/10/14,474,474,474,474,2000,474
1992/10/20,474,475,473,473,3000,473
1992/10/28,472,472,472,472,1000,472
1992/10/29,467,467,467,467,2000,467
1992/10/30,449,449,449,449,3000,449
1992/11/02,449,449,449,449,1000,449
1992/11/04,436,436,430,430,7000,430
1992/11/05,430,430,420,420,16000,420
1992/11/06,420,425,417,420,57000,420
1992/11/09,412,412,412,412,1000,412
1992/11/10,407,408,407,408,4000,408
1992/11/11,407,407,402,402,8000,402
1992/11/12,402,402,400,400,4000,400
1992/11/13,402,402,400,400,9000,400
1992/11/16,400,400,400,400,4000,400
1992/11/17,400,401,400,401,2000,401
1992/11/19,402,411,402,410,11000,410
1992/11/20,410,430,410,425,8000,425
1992/11/24,430,430,430,430,2000,430
1992/11/25,435,445,435,445,3000,445
1992/11/26,445,445,445,445,6000,445
1992/11/27,445,445,445,445,1000,445
1992/11/30,445,445,445,445,14000,445
1992/12/16,439,440,435,435,4000,435
1992/12/18,430,435,430,435,3000,435
1993/01/18,400,400,400,400,2000,400
1993/01/22,390,390,385,385,2000,385
1993/01/26,385,385,385,385,16000,385
1993/01/27,385,385,385,385,2000,385
1993/01/29,385,387,385,387,13000,387
1993/02/01,390,390,390,390,2000,390
1993/02/02,395,395,385,385,26000,385
1993/02/03,385,385,380,385,22000,385
1993/02/04,391,391,380,380,12000,380
1993/02/05,380,380,380,380,15000,380
1993/02/08,382,385,380,380,12000,380
1993/02/09,380,381,380,381,4000,381
1993/02/12,390,390,390,390,1000,390
1993/02/15,390,390,390,390,3000,390
1993/02/16,395,395,395,395,8000,395
1993/02/18,395,395,395,395,1000,395
1993/02/19,396,396,396,396,8000,396
1993/02/22,396,396,396,396,1000,396
1993/02/23,396,396,396,396,2000,396
1993/02/24,400,400,400,400,2000,400
1993/02/25,400,400,400,400,1000,400
1993/02/26,405,405,405,405,2000,405
1993/03/01,410,410,410,410,2000,410
1993/03/02,410,410,410,410,3000,410
1993/03/03,400,400,400,400,3000,400
1993/03/04,400,400,400,400,2000,400
1993/03/05,385,385,385,385,2000,385
1993/03/08,385,385,381,385,15000,385
1993/03/10,405,415,405,405,5000,405
1993/03/11,400,400,400,400,4000,400
1993/03/12,400,405,400,405,6000,405
1993/03/15,410,410,410,410,12000,410
1993/03/16,420,420,420,420,5000,420
1993/03/17,425,425,425,425,3000,425
1993/03/19,470,470,470,470,22000,470
1993/03/22,495,500,495,500,19000,500
1993/03/23,495,495,490,492,37000,492
1993/03/24,485,485,485,485,6000,485
1993/03/25,483,483,480,480,8000,480
1993/03/26,480,484,475,481,31000,481
1993/03/30,540,555,540,550,47000,550
1993/03/31,560,580,560,560,28000,560
1993/04/01,570,580,570,580,6000,580
1993/04/02,570,650,570,650,32000,650
1993/04/05,678,721,677,721,53000,721
1993/04/06,741,741,710,720,41000,720
1993/04/07,710,725,710,710,83000,710
1993/04/08,716,722,700,709,76000,709
1993/04/09,701,720,691,720,18000,720
1993/04/12,719,720,690,690,21000,690
1993/04/13,690,700,690,700,16000,700
1993/04/14,690,690,685,690,22000,690
1993/04/15,690,695,680,680,6000,680
1993/04/16,671,680,671,678,17000,678
1993/04/19,660,660,660,660,8000,660
1993/04/20,661,661,660,660,8000,660
1993/04/21,650,650,650,650,2000,650
1993/04/22,640,655,640,655,21000,655
1993/04/26,645,645,645,645,7000,645
1993/04/27,631,645,616,645,55000,645
1993/04/28,655,658,655,656,49000,656
1993/04/30,695,695,690,690,18000,690
1993/05/06,701,710,690,698,34000,698
1993/05/07,692,692,692,692,4000,692
1993/05/10,722,722,718,719,23000,719
1993/05/11,746,750,740,750,37000,750
1993/05/12,745,765,745,750,51000,750
1993/05/13,744,750,744,750,4000,750
1993/05/14,730,730,730,730,6000,730
1993/05/17,720,730,720,720,30000,720
1993/05/18,730,730,720,720,10000,720
1993/05/19,710,720,700,700,12000,700
1993/05/20,705,705,705,705,1000,705
1993/05/21,705,705,705,705,1000,705
1993/05/24,705,705,705,705,7000,705
1993/05/25,705,713,705,713,15000,713
1993/05/26,708,717,708,714,17000,714
1993/05/27,718,718,710,715,7000,715
1993/05/28,715,715,710,715,10000,715
1993/05/31,709,710,700,706,13000,706
1993/06/01,706,706,700,700,9000,700
1993/06/02,700,700,700,700,3000,700
1993/06/03,710,720,710,720,17000,720
1993/06/04,714,715,714,714,5000,714
1993/06/07,714,714,690,690,5000,690
1993/06/08,690,695,690,690,7000,690
1993/06/10,693,701,691,700,12000,700
1993/06/11,700,700,693,693,4000,693
1993/06/14,693,693,693,693,4000,693
1993/06/15,693,693,680,680,3000,680
1993/06/16,680,680,660,660,10000,660
1993/06/17,660,660,650,650,4000,650
1993/06/18,650,650,650,650,2000,650
1993/06/21,650,650,630,630,5000,630
1993/06/22,630,630,630,630,2000,630
1993/06/23,627,627,625,625,5000,625
1993/06/24,620,630,620,621,13000,621
1993/06/25,640,640,640,640,9000,640
1993/06/28,640,640,630,635,9000,635
1993/06/29,635,635,635,635,16000,635
1993/06/30,640,640,640,640,1000,640
1993/07/01,640,642,640,640,26000,640
1993/07/02,630,630,619,619,6000,619
1993/07/05,621,621,610,615,23000,615
1993/07/06,605,605,605,605,1000,605
1993/07/07,610,610,600,600,8000,600
1993/07/08,605,605,600,600,2000,600
1993/07/09,600,610,590,610,11000,610
1993/07/12,610,610,610,610,2000,610
1993/07/13,601,610,600,610,15000,610
1993/07/14,611,611,601,601,27000,601
1993/07/15,605,610,605,610,32000,610
1993/07/16,609,610,605,610,12000,610
1993/07/19,615,615,610,610,10000,610
1993/07/20,610,610,604,604,6000,604
1993/07/21,600,604,600,604,7000,604
1993/07/22,604,604,600,600,2000,600
1993/07/23,600,600,600,600,3000,600
1993/07/26,600,600,600,600,13000,600
1993/07/27,600,605,600,600,8000,600
1993/07/28,600,600,590,590,10000,590
1993/07/29,600,614,600,614,12000,614
1993/07/30,614,624,614,615,31000,615
1993/08/02,615,615,615,615,5000,615
1993/08/03,625,630,625,625,12000,625
1993/08/04,625,630,625,628,14000,628
1993/08/05,636,636,625,635,16000,635
1993/08/06,635,635,619,619,8000,619
1993/08/09,609,609,609,609,3000,609
1993/08/10,600,601,600,601,8000,601
1993/08/11,620,620,620,620,4000,620
1993/08/12,625,638,625,638,38000,638
1993/08/13,644,654,644,654,22000,654
1993/08/16,640,640,630,639,20000,639
1993/08/17,649,649,649,649,1000,649
1993/08/18,630,630,630,630,3000,630
1993/08/19,620,621,620,621,5000,621
1993/08/20,621,621,621,621,1000,621
1993/08/23,611,611,610,610,5000,610
1993/08/24,610,610,606,606,4000,606
1993/08/26,606,606,606,606,6000,606
1993/08/27,610,610,610,610,2000,610
1993/08/30,610,610,607,610,4000,610
1993/08/31,612,619,610,619,14000,619
1993/09/01,611,620,611,620,6000,620
1993/09/02,620,620,620,620,6000,620
1993/09/03,620,620,620,620,8000,620
1993/09/06,626,631,625,630,23000,630
1993/09/07,630,630,630,630,11000,630
1993/09/08,629,629,618,618,6000,618
1993/09/09,628,628,623,623,2000,623
1993/09/10,619,620,619,620,7000,620
1993/09/13,620,620,620,620,6000,620
1993/09/14,610,610,610,610,3000,610
1993/09/16,610,615,605,605,10000,605
1993/09/17,615,615,610,610,2000,610
1993/09/20,600,604,600,604,6000,604
1993/09/21,614,615,614,615,6000,615
1993/09/22,610,610,600,601,15000,601
1993/09/24,601,601,599,599,7000,599
1993/09/27,605,605,600,600,10000,600
1993/09/28,590,590,590,590,2000,590
1993/09/29,580,580,580,580,1000,580
1993/09/30,580,580,580,580,2000,580
1993/10/01,580,580,578,578,7000,578
1993/10/04,548,548,548,548,2000,548
1993/10/05,578,588,578,588,4000,588
1993/10/07,588,588,587,587,2000,587
1993/10/12,577,577,567,567,6000,567
1993/10/13,567,567,550,555,6000,555
1993/10/14,548,560,548,560,6000,560
1993/10/15,560,560,550,550,9000,550
1993/10/18,560,560,560,560,4000,560
1993/10/19,570,570,550,555,9000,555
1993/10/20,565,565,565,565,2000,565
1993/10/21,565,565,550,550,6000,550
1993/10/25,549,549,535,540,9000,540
1993/10/26,540,540,540,540,9000,540
1993/10/27,539,540,539,540,6000,540
1993/10/28,540,540,540,540,7000,540
1993/11/02,538,540,538,540,7000,540
1993/11/04,530,530,520,520,239000,520
1993/11/05,490,500,490,490,41000,490
1993/11/08,485,485,481,481,2000,481
1993/11/09,480,480,470,470,14000,470
1993/11/10,465,465,457,457,69000,457
1993/11/11,457,461,457,460,55000,460
1993/11/12,460,465,460,465,20000,465
1993/11/15,475,475,470,470,19000,470
1993/11/17,500,500,500,500,23000,500
1993/11/18,500,500,500,500,3000,500
1993/11/19,490,490,490,490,2000,490
1993/11/22,481,481,470,470,9000,470
1993/11/24,470,470,460,460,6000,460
1993/11/25,469,469,460,460,17000,460
1993/11/26,460,465,460,460,5000,460
1993/11/29,460,460,440,440,10000,440
1993/11/30,445,445,445,445,1000,445
1993/12/01,452,455,452,455,2000,455
1993/12/03,481,481,480,480,8000,480
1993/12/10,460,460,460,460,3000,460
1993/12/13,460,460,457,460,8000,460
1993/12/14,462,462,462,462,6000,462
1993/12/15,465,475,465,475,5000,475
1993/12/16,475,475,470,470,10000,470
1993/12/17,475,475,475,475,4000,475
1993/12/20,476,476,475,475,7000,475
1993/12/21,475,475,475,475,6000,475
1993/12/22,485,485,480,480,10000,480
1993/12/24,480,480,480,480,10000,480
1993/12/27,481,481,480,480,3000,480
1993/12/29,475,475,475,475,3000,475
1993/12/30,464,464,464,464,1000,464
1994/01/04,464,464,464,464,1000,464
1994/01/05,469,469,469,469,1000,469
1994/01/06,475,478,475,478,3000,478
1994/01/07,488,488,480,480,6000,480
1994/01/10,489,500,489,500,12000,500
1994/01/11,510,530,510,514,15000,514
1994/01/12,520,520,520,520,16000,520
1994/01/13,530,535,530,535,7000,535
1994/01/14,532,534,532,534,5000,534
1994/01/17,533,540,530,540,7000,540
1994/01/18,539,539,529,530,13000,530
1994/01/19,539,540,530,530,22000,530
1994/01/20,540,541,530,541,19000,541
1994/01/21,545,545,507,510,401000,510
1994/01/24,500,500,480,490,10000,490
1994/01/25,496,501,496,501,5000,501
1994/01/26,510,520,510,520,20000,520
1994/01/27,535,535,520,520,28000,520
1994/01/28,520,520,520,520,3000,520
1994/01/31,541,584,541,584,94000,584
1994/02/01,599,607,590,607,223000,607
1994/02/02,607,607,585,600,53000,600
1994/02/03,595,603,580,590,20000,590
1994/02/04,580,580,575,580,19000,580
1994/02/07,570,570,560,560,24000,560
1994/02/08,560,591,560,591,61000,591
1994/02/09,600,625,600,620,127000,620
1994/02/10,615,626,615,626,31000,626
1994/02/14,645,645,630,636,88000,636
1994/02/15,635,635,615,616,87000,616
1994/02/16,620,660,620,651,137000,651
1994/02/17,651,680,650,671,141000,671
1994/02/18,685,701,685,700,123000,700
1994/02/21,690,700,675,700,135000,700
1994/02/22,702,715,695,695,159000,695
1994/02/23,695,695,685,685,43000,685
1994/02/24,694,705,689,695,164000,695
1994/02/25,705,705,692,700,335000,700
1994/02/28,695,700,690,700,361000,700
1994/03/01,705,750,705,740,237000,740
1994/03/02,748,748,725,731,132000,731
1994/03/03,736,740,730,732,50000,732
1994/03/04,740,765,737,753,214000,753
1994/03/07,763,786,758,779,204000,779
1994/03/08,789,792,783,792,114000,792
1994/03/09,797,797,770,780,79000,780
1994/03/10,780,780,765,780,38000,780
1994/03/11,780,790,780,790,162000,790
1994/03/14,784,790,780,785,71000,785
1994/03/15,785,795,785,795,224000,795
1994/03/16,795,795,786,794,74000,794
1994/03/17,795,802,795,799,132000,799
1994/03/18,805,806,801,805,144000,805
1994/03/22,815,830,810,830,81000,830
1994/03/23,845,845,825,830,57000,830
1994/03/24,810,815,810,810,40000,810
1994/03/25,800,801,800,800,37000,800
1994/03/28,807,807,790,790,39000,790
1994/03/29,790,790,785,790,39000,790
1994/03/30,771,783,763,775,27000,775
1994/03/31,775,775,750,765,25000,765
1994/04/01,740,740,740,740,16000,740
1994/04/04,740,740,730,740,33000,740
1994/04/05,730,738,730,738,8000,738
1994/04/06,740,760,740,760,36000,760
1994/04/07,770,810,770,810,79000,810
1994/04/08,810,810,760,765,42000,765
1994/04/11,765,785,765,785,24000,785
1994/04/12,770,770,770,770,1000,770
1994/04/13,768,775,768,769,20000,769
1994/04/14,771,775,770,775,12000,775
1994/04/15,775,780,775,780,19000,780
1994/04/18,780,800,780,800,21000,800
1994/04/19,805,805,800,805,59000,805
1994/04/20,815,816,805,808,37000,808
1994/04/21,808,808,790,790,10000,790
1994/04/22,800,800,800,800,2000,800
1994/04/25,800,800,795,800,13000,800
1994/04/26,797,797,790,795,17000,795
1994/04/27,793,794,790,791,10000,791
1994/04/28,789,789,770,770,9000,770
1994/05/02,777,777,777,777,2000,777
1994/05/06,780,790,780,790,13000,790
1994/05/09,790,795,790,795,29000,795
1994/05/10,785,795,780,795,17000,795
1994/05/11,790,790,790,790,2000,790
1994/05/12,776,780,772,780,13000,780
1994/05/13,778,779,763,770,9000,770
1994/05/16,770,770,760,760,15000,760
1994/05/17,761,761,760,760,3000,760
1994/05/18,765,785,765,785,25000,785
1994/05/19,790,795,790,794,39000,794
1994/05/20,794,798,793,795,31000,795
1994/05/23,795,806,795,806,38000,806
1994/05/24,806,806,799,805,27000,805
1994/05/25,801,805,801,801,80000,801
1994/05/26,805,815,805,815,16000,815
1994/05/27,815,818,801,817,47000,817
1994/05/30,825,830,820,829,33000,829
1994/05/31,829,829,805,807,15000,807
1994/06/01,815,835,815,832,28000,832
1994/06/02,835,846,835,841,36000,841
1994/06/03,839,840,839,840,12000,840
1994/06/06,839,839,830,835,13000,835
1994/06/07,845,845,835,835,40000,835
1994/06/08,840,845,840,845,38000,845
1994/06/09,849,885,845,885,86000,885
1994/06/10,895,920,890,920,129000,920
1994/06/13,940,999,940,970,178000,970
1994/06/14,970,986,960,986,116000,986
1994/06/15,980,985,970,975,106000,975
1994/06/16,970,970,945,945,29000,945
1994/06/17,946,960,940,941,64000,941
1994/06/20,945,950,941,941,28000,941
1994/06/21,940,942,935,942,28000,942
1994/06/22,920,930,920,925,34000,925
1994/06/23,926,940,926,936,46000,936
1994/06/24,940,950,940,950,67000,950
1994/06/27,945,945,920,940,71000,940
1994/06/28,940,985,940,985,126000,985
1994/06/29,975,975,968,975,53000,975
1994/06/30,975,1000,975,1000,48000,1000
1994/07/01,1010,1040,1000,1000,70000,1000
1994/07/04,1020,1060,1010,1050,119000,1050
1994/07/05,1070,1090,1070,1080,115000,1080
1994/07/06,1080,1110,1070,1100,102000,1100
1994/07/07,1090,1110,1090,1100,83000,1100
1994/07/08,1090,1100,1080,1100,70000,1100
1994/07/11,1060,1070,1050,1060,29000,1060
1994/07/12,1040,1040,1010,1010,39000,1010
1994/07/13,1000,1020,1000,1010,32000,1010
1994/07/14,1020,1060,1010,1040,30000,1040
1994/07/15,1060,1060,1010,1010,46000,1010
1994/07/18,1020,1020,1010,1010,9000,1010
1994/07/20,1010,1020,1010,1010,40000,1010
1994/07/21,1010,1010,1000,1000,21000,1000
1994/07/22,1010,1010,996,1010,45000,1010
1994/07/25,995,995,991,995,20000,995
1994/07/26,990,991,981,991,22000,991
1994/07/27,987,987,961,970,30000,970
1994/07/28,960,960,930,950,67000,950
1994/07/29,950,950,935,950,37000,950
1994/08/01,940,940,930,930,6000,930
1994/08/02,929,930,925,930,70000,930
1994/08/03,932,940,930,930,56000,930
1994/08/04,930,930,925,930,19000,930
1994/08/05,927,930,920,920,29000,920
1994/08/08,906,910,906,910,15000,910
1994/08/09,912,919,910,915,31000,915
1994/08/10,907,910,907,910,8000,910
1994/08/11,912,927,912,927,4000,927
1994/08/12,947,964,947,964,11000,964
1994/08/15,958,958,950,950,7000,950
1994/08/16,947,960,947,950,61000,950
1994/08/17,958,958,950,950,9000,950
1994/08/18,958,970,958,965,8000,965
1994/08/19,958,960,940,948,68000,948
1994/08/22,947,950,940,945,16000,945
1994/08/23,945,945,940,943,18000,943
1994/08/25,938,939,938,939,4000,939
1994/08/26,924,924,910,911,22000,911
1994/08/29,911,920,911,919,46000,919
1994/08/30,916,920,912,912,19000,912
1994/08/31,917,917,911,912,78000,912
1994/09/01,917,917,905,916,56000,916
1994/09/02,912,912,905,910,21000,910
1994/09/05,913,913,910,911,116000,911
1994/09/06,911,912,910,910,13000,910
1994/09/07,900,900,870,870,36000,870
1994/09/08,871,883,870,880,58000,880
1994/09/09,875,875,851,851,31000,851
1994/09/12,851,853,851,851,19000,851
1994/09/13,855,855,850,851,58000,851
1994/09/14,852,852,849,849,12000,849
1994/09/16,849,850,845,848,53000,848
1994/09/19,847,847,840,845,36000,845
1994/09/20,845,845,840,843,145000,843
1994/09/21,848,876,848,876,20000,876
1994/09/22,886,889,885,885,17000,885
1994/09/26,880,880,880,880,7000,880
1994/09/27,881,881,880,880,10000,880
1994/09/28,880,885,880,885,17000,885
1994/09/29,880,880,880,880,3000,880
1994/09/30,880,880,880,880,8000,880
1994/10/03,879,880,865,880,34000,880
1994/10/04,881,885,880,880,27000,880
1994/10/05,885,885,880,885,20000,885
1994/10/06,885,885,870,875,12000,875
1994/10/07,855,870,855,870,9000,870
1994/10/11,843,860,843,860,20000,860
1994/10/12,850,855,849,855,9000,855
1994/10/13,865,865,848,848,56000,848
1994/10/14,850,870,843,870,120000,870
1994/10/17,870,870,860,861,42000,861
1994/10/18,861,865,849,850,48000,850
1994/10/19,849,849,811,811,9000,811
1994/10/20,791,799,790,799,61000,799
1994/10/21,819,820,818,820,32000,820
1994/10/24,820,820,803,810,17000,810
1994/10/25,805,805,803,803,5000,803
1994/10/26,803,810,795,800,21000,800
1994/10/27,790,791,780,780,29000,780
1994/10/28,783,790,782,790,62000,790
1994/10/31,790,791,790,790,20000,790
1994/11/01,790,790,789,790,26000,790
1994/11/02,790,790,780,783,24000,783
1994/11/04,780,780,773,779,14000,779
1994/11/07,776,776,746,746,38000,746
1994/11/08,745,745,745,745,3000,745
1994/11/09,729,729,709,709,3000,709
1994/11/10,690,690,675,690,36000,690
1994/11/11,680,681,680,681,30000,681
1994/11/14,681,681,662,680,9000,680
1994/11/15,682,712,682,711,7000,711
1994/11/16,721,721,711,712,15000,712
1994/11/17,711,711,705,710,23000,710
1994/11/18,711,712,710,710,20000,710
1994/11/21,711,715,710,715,39000,715
1994/11/22,710,710,709,709,9000,709
1994/11/24,700,700,675,679,24000,679
1994/11/25,681,681,675,679,14000,679
1994/11/28,679,679,679,679,20000,679
1994/11/29,709,709,701,701,11000,701
1994/11/30,711,724,711,723,24000,723
1994/12/01,726,726,715,720,37000,720
1994/12/02,726,726,716,716,7000,716
1994/12/05,726,735,725,730,27000,730
1994/12/06,735,760,725,760,68000,760
1994/12/07,770,770,760,765,31000,765
1994/12/08,750,760,750,751,14000,751
1994/12/09,751,760,750,760,27000,760
1994/12/12,760,770,760,770,48000,770
1994/12/13,750,750,750,750,6000,750
1994/12/15,701,705,701,705,10000,705
1994/12/16,711,715,710,715,10000,715
1994/12/19,720,740,720,740,41000,740
1994/12/20,745,750,736,750,75000,750
1994/12/21,760,760,736,760,374000,760
1994/12/22,759,770,755,770,62000,770
1994/12/26,771,780,771,780,66000,780
1994/12/27,790,820,790,820,100000,820
1994/12/28,819,819,810,812,18000,812
1994/12/29,810,810,790,800,14000,800
1994/12/30,790,790,780,790,8000,790
1995/01/04,800,800,795,795,3000,795
1995/01/06,774,780,760,760,21000,760
1995/01/10,741,741,741,741,4000,741
1995/01/11,739,739,721,721,9000,721
1995/01/12,730,730,726,730,32000,730
1995/01/13,729,730,715,716,11000,716
1995/01/17,716,716,695,695,6000,695
1995/01/18,656,660,655,660,28000,660
1995/01/19,659,662,641,645,57000,645
1995/01/20,640,640,621,621,62000,621
1995/01/23,610,610,562,570,56000,570
1995/01/24,560,596,560,574,91000,574
1995/01/25,604,624,604,624,48000,624
1995/01/26,643,643,614,614,66000,614
1995/01/27,610,615,600,610,44000,610
1995/01/30,600,660,600,660,72000,660
1995/01/31,670,680,661,670,70000,670
1995/02/01,680,686,680,685,51000,685
1995/02/02,680,686,680,685,87000,685
1995/02/03,685,685,675,685,34000,685
1995/02/06,685,686,675,685,22000,685
1995/02/07,685,687,685,685,59000,685
1995/02/08,661,661,661,661,12000,661
1995/02/09,661,661,641,641,23000,641
1995/02/10,621,621,621,621,2000,621
1995/02/13,601,615,601,606,10000,606
1995/02/15,606,606,590,590,21000,590
1995/02/16,590,595,585,590,40000,590
1995/02/17,595,600,595,600,22000,600
1995/02/20,610,610,610,610,15000,610
1995/02/21,600,600,590,590,18000,590
1995/02/22,590,590,570,590,20000,590
1995/02/23,590,590,576,576,11000,576
1995/02/24,586,586,570,572,22000,572
1995/02/27,559,560,550,550,25000,550
1995/02/28,550,566,540,540,107000,540
1995/03/01,540,540,510,510,37000,510
1995/03/02,520,531,520,531,26000,531
1995/03/03,581,590,581,590,8000,590
1995/03/06,589,589,589,589,1000,589
1995/03/07,590,590,590,590,1000,590
1995/03/08,583,583,577,577,3000,577
1995/03/09,552,570,552,570,21000,570
1995/03/10,551,552,510,510,19000,510
1995/03/13,520,541,520,540,24000,540
1995/03/14,530,530,503,505,108000,505
1995/03/15,501,519,501,518,28000,518
1995/03/16,518,520,501,501,71000,501
1995/03/17,510,515,502,505,19000,505
1995/03/20,505,510,503,510,19000,510
1995/03/22,520,520,490,491,14000,491
1995/03/23,490,490,480,480,12000,480
1995/03/24,471,474,465,474,22000,474
1995/03/27,504,504,504,504,28000,504
1995/03/28,508,550,508,545,69000,545
1995/03/29,535,540,531,535,109000,535
1995/03/30,530,530,530,530,5000,530
1995/03/31,545,557,545,551,18000,551
1995/04/03,541,556,541,556,6000,556
1995/04/04,526,552,526,552,13000,552
1995/04/05,552,560,540,560,8000,560
1995/04/06,565,565,559,565,15000,565
1995/04/07,554,559,550,550,13000,550
1995/04/10,550,560,550,560,11000,560
1995/04/11,570,600,570,590,85000,590
1995/04/12,589,589,575,580,15000,580
1995/04/13,575,590,575,580,11000,580
1995/04/14,580,585,565,565,7000,565
1995/04/17,545,565,545,565,18000,565
1995/04/18,565,580,550,570,45000,570
1995/04/19,574,574,560,565,31000,565
1995/04/20,560,584,560,580,48000,580
1995/04/21,580,583,560,560,187000,560
1995/04/24,590,590,575,575,71000,575
1995/04/25,580,580,569,576,69000,576
1995/04/26,580,585,575,580,74000,580
1995/04/27,580,590,576,581,33000,581
1995/04/28,594,595,585,595,60000,595
1995/05/01,605,619,601,618,143000,618
1995/05/02,630,659,630,658,363000,658
1995/05/08,655,656,635,635,60000,635
1995/05/09,635,640,615,622,80000,622
1995/05/10,622,622,611,611,26000,611
1995/05/11,581,590,566,590,35000,590
1995/05/12,580,590,580,589,45000,589
1995/05/15,589,589,550,578,44000,578
1995/05/16,578,578,551,551,16000,551
1995/05/17,523,550,523,550,62000,550
1995/05/18,540,559,525,525,38000,525
1995/05/19,526,526,501,504,64000,504
1995/05/22,505,505,490,490,33000,490
1995/05/23,490,516,490,505,35000,505
1995/05/24,506,525,506,525,7000,525
1995/05/25,519,521,515,518,26000,518
1995/05/26,519,519,501,501,22000,501
1995/05/29,501,501,495,498,16000,498
1995/05/30,498,500,495,500,27000,500
1995/05/31,501,501,480,485,29000,485
1995/06/01,495,501,491,500,9000,500
1995/06/02,500,519,500,515,45000,515
1995/06/05,515,519,500,500,7000,500
1995/06/06,490,492,490,490,28000,490
1995/06/07,490,493,490,493,6000,493
1995/06/08,493,493,480,480,14000,480
1995/06/09,480,480,465,465,26000,465
1995/06/12,450,450,425,425,39000,425
1995/06/13,430,430,407,410,96000,410
1995/06/14,400,424,400,424,59000,424
1995/06/15,420,425,401,410,38000,410
1995/06/16,415,415,410,415,105000,415
1995/06/19,420,427,415,422,10000,422
1995/06/20,422,424,415,415,18000,415
1995/06/21,415,417,411,411,19000,411
1995/06/22,415,419,410,419,58000,419
1995/06/23,420,425,420,421,69000,421
1995/06/26,432,440,430,440,59000,440
1995/06/27,445,445,430,430,64000,430
1995/06/28,430,431,425,425,42000,425
1995/06/29,440,442,435,435,76000,435
1995/06/30,425,428,424,425,22000,425
1995/07/03,420,422,420,422,18000,422
1995/07/04,427,435,425,435,36000,435
1995/07/05,440,445,440,440,60000,440
1995/07/06,441,441,438,441,42000,441
1995/07/07,450,484,450,480,87000,480
1995/07/10,530,530,500,503,100000,503
1995/07/11,500,510,500,510,50000,510
1995/07/12,520,528,510,516,114000,516
1995/07/13,526,527,519,519,45000,519
1995/07/14,519,523,516,523,45000,523
1995/07/17,523,523,516,516,33000,516
1995/07/18,518,521,511,518,79000,518
1995/07/19,508,508,488,490,18000,490
1995/07/20,477,481,477,481,14000,481
1995/07/21,482,482,475,480,32000,480
1995/07/24,485,485,475,475,18000,475
1995/07/25,475,475,465,465,22000,465
1995/07/26,470,470,463,470,37000,470
1995/07/27,461,464,460,464,125000,464
1995/07/28,469,470,461,470,76000,470
1995/07/31,470,477,470,477,30000,477
1995/08/01,475,475,461,470,20000,470
1995/08/02,460,470,460,470,59000,470
1995/08/03,485,496,485,489,43000,489
1995/08/04,493,493,485,490,32000,490
1995/08/07,490,490,480,480,12000,480
1995/08/08,480,480,471,476,10000,476
1995/08/09,476,480,466,466,21000,466
1995/08/10,469,472,468,469,38000,469
1995/08/11,475,475,469,470,94000,470
1995/08/14,483,495,480,495,70000,495
1995/08/15,495,544,495,544,126000,544
1995/08/16,574,620,571,616,391000,616
1995/08/17,615,615,593,598,239000,598
1995/08/18,581,585,560,580,57000,580
1995/08/21,590,590,570,572,56000,572
1995/08/22,561,572,561,565,59000,565
1995/08/23,561,565,555,555,45000,555
1995/08/24,550,555,545,549,47000,549
1995/08/25,549,550,545,547,14000,547
1995/08/28,550,564,550,564,12000,564
1995/08/29,564,570,552,570,28000,570
1995/08/30,595,595,589,594,40000,594
1995/08/31,584,590,567,567,37000,567
1995/09/01,576,576,570,574,38000,574
1995/09/04,575,575,550,555,28000,555
1995/09/05,550,550,545,550,28000,550
1995/09/06,551,553,540,540,47000,540
1995/09/07,550,550,530,530,26000,530
1995/09/08,544,575,540,560,117000,560
1995/09/11,572,600,572,600,105000,600
1995/09/12,600,611,600,600,142000,600
1995/09/13,600,604,570,597,75000,597
1995/09/14,607,608,590,600,74000,600
1995/09/18,610,610,570,570,112000,570
1995/09/19,560,580,560,580,25000,580
1995/09/20,580,589,560,560,42000,560
1995/09/21,560,563,560,563,11000,563
1995/09/22,559,559,550,550,23000,550
1995/09/25,540,541,530,530,21000,530
1995/09/26,531,555,531,555,33000,555
1995/09/27,561,566,555,555,43000,555
1995/09/28,565,565,560,561,34000,561
1995/09/29,551,551,538,538,21000,538
1995/10/02,540,540,538,540,12000,540
1995/10/03,535,536,531,532,23000,532
1995/10/04,535,560,535,560,73000,560
1995/10/05,580,580,561,575,77000,575
1995/10/06,574,584,573,583,82000,583
1995/10/09,587,587,572,587,16000,587
1995/10/11,581,587,580,584,70000,584
1995/10/12,558,563,558,561,34000,561
1995/10/13,563,564,561,562,13000,562
1995/10/16,565,565,565,565,18000,565
1995/10/17,565,570,551,551,52000,551
1995/10/18,555,555,555,555,8000,555
1995/10/19,555,565,555,565,5000,565
1995/10/20,550,555,550,555,11000,555
1995/10/23,560,560,555,560,17000,560
1995/10/24,560,569,560,565,38000,565
1995/10/25,555,555,555,555,4000,555
1995/10/26,558,558,540,550,16000,550
1995/10/27,535,535,535,535,2000,535
1995/10/30,530,530,525,530,23000,530
1995/10/31,528,530,523,523,14000,523
1995/11/01,525,529,525,528,9000,528
1995/11/02,527,529,527,529,5000,529
1995/11/06,529,530,529,529,8000,529
1995/11/07,529,530,526,526,11000,526
1995/11/08,529,530,528,530,9000,530
1995/11/09,529,530,529,530,5000,530
1995/11/10,532,532,530,530,18000,530
1995/11/13,531,531,531,531,5000,531
1995/11/14,531,532,531,532,8000,532
1995/11/15,532,532,525,525,75000,525
1995/11/16,525,525,525,525,19000,525
1995/11/17,526,530,520,530,49000,530
1995/11/20,540,550,540,550,45000,550
1995/11/21,560,560,550,555,31000,555
1995/11/22,570,570,550,550,20000,550
1995/11/24,550,550,546,546,3000,546
1995/11/27,546,565,546,550,35000,550
1995/11/28,560,565,552,560,57000,560
1995/11/29,560,561,556,560,98000,560
1995/11/30,560,570,553,564,85000,564
1995/12/01,564,572,560,572,150000,572
1995/12/04,582,589,580,589,89000,589
1995/12/05,590,600,580,593,69000,593
1995/12/06,586,597,580,596,78000,596
1995/12/07,600,630,600,630,169000,630
1995/12/08,640,640,611,625,113000,625
1995/12/11,631,649,626,626,56000,626
1995/12/12,625,643,625,640,104000,640
1995/12/13,643,648,643,643,63000,643
1995/12/14,648,650,638,650,57000,650
1995/12/15,651,670,650,660,166000,660
1995/12/18,658,659,645,655,56000,655
1995/12/19,650,650,630,647,51000,647
1995/12/20,638,650,638,640,26000,640
1995/12/21,641,660,641,660,59000,660
1995/12/22,667,680,667,677,122000,677
1995/12/25,682,730,682,730,179000,730
1995/12/26,720,720,701,705,180000,705
1995/12/27,740,749,716,730,166000,730
1995/12/28,730,738,716,717,103000,717
1995/12/29,700,710,700,700,26000,700
1996/01/04,709,715,707,714,272000,714
1996/01/05,747,747,725,746,135000,746
1996/01/08,740,741,735,739,88000,739
1996/01/09,739,739,731,731,82000,731
1996/01/10,726,735,725,735,29000,735
1996/01/11,725,725,691,705,44000,705
1996/01/12,710,720,693,693,42000,693
1996/01/16,683,694,683,694,44000,694
1996/01/17,715,716,705,710,50000,710
1996/01/18,711,715,700,700,61000,700
1996/01/19,710,710,681,700,20000,700
1996/01/22,710,710,685,686,15000,686
1996/01/23,681,681,662,670,50000,670
1996/01/24,662,670,650,652,48000,652
1996/01/25,679,690,679,685,23000,685
1996/01/26,686,695,680,680,14000,680
1996/01/29,699,699,695,695,17000,695
1996/01/30,695,700,690,699,33000,699
1996/01/31,700,730,699,720,39000,720
1996/02/01,730,730,721,730,179000,730
1996/02/02,726,730,706,706,18000,706
1996/02/05,711,711,702,709,21000,709
1996/02/06,700,700,695,696,25000,696
1996/02/07,700,700,695,700,46000,700
1996/02/08,710,710,706,710,23000,710
1996/02/09,715,715,700,710,33000,710
1996/02/13,700,700,700,700,12000,700
1996/02/14,696,697,695,697,10000,697
1996/02/15,698,699,698,698,4000,698
1996/02/16,697,697,685,685,21000,685
1996/02/19,685,685,682,685,13000,685
1996/02/20,680,680,672,680,13000,680
1996/02/21,679,685,676,681,17000,681
1996/02/22,671,672,670,670,12000,670
1996/02/23,666,673,666,673,8000,673
1996/02/26,672,676,671,674,96000,674
1996/02/27,660,662,660,661,48000,661
1996/02/28,671,677,667,677,46000,677
1996/02/29,677,677,660,675,17000,675
1996/03/01,675,679,670,675,21000,675
1996/03/04,675,675,670,675,30000,675
1996/03/05,685,685,669,670,19000,670
1996/03/06,674,674,666,670,101000,670
1996/03/07,650,651,641,641,786000,641
1996/03/08,643,655,641,655,43000,655
1996/03/11,646,646,640,640,21000,640
1996/03/12,644,645,632,632,79000,632
1996/03/13,633,637,632,637,12000,637
1996/03/14,632,635,632,633,19000,633
1996/03/15,635,657,635,641,42000,641
1996/03/18,671,671,670,671,18000,671
1996/03/19,665,665,656,665,49000,665
1996/03/21,655,660,655,660,11000,660
1996/03/22,660,660,651,652,38000,652
1996/03/25,661,664,659,660,32000,660
1996/03/26,661,675,651,665,33000,665
1996/03/27,675,680,672,680,25000,680
1996/03/28,700,709,695,709,110000,709
1996/03/29,719,720,715,715,47000,715
1996/04/01,715,715,711,715,52000,715
1996/04/02,715,716,715,716,82000,716
1996/04/03,716,717,715,716,86000,716
1996/04/04,715,720,710,720,35000,720
1996/04/05,715,715,710,714,49000,714
1996/04/08,714,714,700,700,58000,700
1996/04/09,700,710,696,710,39000,710
1996/04/10,711,720,711,720,12000,720
1996/04/11,715,720,715,720,30000,720
1996/04/12,724,730,719,728,72000,728
1996/04/15,730,730,720,725,95000,725
1996/04/16,724,735,724,731,93000,731
1996/04/17,732,734,717,720,66000,720
1996/04/18,706,710,701,708,29000,708
1996/04/19,708,709,706,706,18000,706
1996/04/22,719,735,712,734,54000,734
1996/04/23,714,734,714,725,61000,725
1996/04/24,731,747,731,747,163000,747
1996/04/25,749,760,745,755,127000,755
1996/04/26,761,774,760,774,168000,774
1996/04/30,775,775,761,770,62000,770
1996/05/01,760,760,750,750,111000,750
1996/05/02,740,740,730,740,52000,740
1996/05/07,729,729,716,718,31000,718
1996/05/08,710,719,710,719,39000,719
1996/05/09,728,734,725,726,47000,726
1996/05/10,726,734,726,726,54000,726
1996/05/13,727,727,721,726,65000,726
1996/05/14,712,719,711,719,66000,719
1996/05/15,711,725,711,721,78000,721
1996/05/16,726,730,725,728,76000,728
1996/05/17,731,732,729,732,32000,732
1996/05/20,728,735,728,730,31000,730
1996/05/21,730,730,722,730,24000,730
1996/05/22,720,720,711,713,27000,713
1996/05/23,724,730,715,730,42000,730
1996/05/24,711,720,710,720,34000,720
1996/05/27,725,725,716,716,25000,716
1996/05/28,714,715,711,715,42000,715
1996/05/29,719,720,719,720,6000,720
1996/05/30,724,724,718,718,45000,718
1996/05/31,724,725,720,722,15000,722
1996/06/03,722,726,718,720,43000,720
1996/06/04,720,720,716,718,31000,718
1996/06/05,720,720,715,720,12000,720
1996/06/06,719,720,710,710,21000,710
1996/06/07,710,715,700,700,38000,700
1996/06/10,700,700,695,700,16000,700
1996/06/11,701,701,690,696,13000,696
1996/06/12,696,701,696,701,11000,701
1996/06/13,702,702,702,702,1000,702
1996/06/14,703,720,703,720,30000,720
1996/06/17,725,730,722,730,25000,730
1996/06/18,730,730,715,729,7000,729
1996/06/19,729,730,716,716,29000,716
1996/06/20,717,717,701,701,12000,701
1996/06/21,701,702,701,702,16000,702
1996/06/24,704,705,704,704,10000,704
1996/06/25,704,704,698,700,41000,700
1996/06/26,700,710,698,707,172000,707
1996/06/27,709,709,701,704,40000,704
1996/06/28,709,719,709,709,182000,709
1996/07/01,711,712,711,712,11000,712
1996/07/02,720,720,712,720,42000,720
1996/07/03,725,725,719,725,55000,725
1996/07/04,728,730,725,730,66000,730
1996/07/05,720,720,701,710,20000,710
1996/07/08,693,696,693,693,11000,693
1996/07/09,683,685,683,685,8000,685
1996/07/10,685,687,684,684,66000,684
1996/07/11,683,683,680,680,8000,680
1996/07/12,663,670,663,670,104000,670
1996/07/15,660,665,646,646,29000,646
1996/07/16,648,648,641,641,7000,641
1996/07/17,645,650,645,650,33000,650
1996/07/18,650,650,650,650,5000,650
1996/07/19,659,665,656,665,32000,665
1996/07/22,660,660,655,655,10000,655
1996/07/23,650,650,641,649,14000,649
1996/07/24,659,659,651,651,13000,651
1996/07/25,650,650,643,650,10000,650
1996/07/26,650,661,646,661,22000,661
1996/07/29,649,649,641,641,8000,641
1996/07/30,639,639,634,639,21000,639
1996/07/31,634,637,631,634,67000,634
1996/08/01,620,630,620,630,13000,630
1996/08/02,631,631,630,630,5000,630
1996/08/05,620,622,620,620,9000,620
1996/08/06,620,620,605,620,23000,620
1996/08/07,601,602,601,602,17000,602
1996/08/08,603,610,601,606,15000,606
1996/08/09,610,610,610,610,5000,610
1996/08/12,609,610,595,610,18000,610
1996/08/13,600,609,600,609,18000,609
1996/08/14,606,609,606,609,6000,609
1996/08/15,599,620,599,620,42000,620
1996/08/16,614,620,614,615,6000,615
1996/08/19,615,630,615,630,16000,630
1996/08/20,630,635,630,630,9000,630
1996/08/21,640,656,635,635,47000,635
1996/08/22,634,645,634,645,17000,645
1996/08/23,640,640,639,639,30000,639
1996/08/26,639,642,636,640,71000,640
1996/08/27,641,641,640,640,8000,640
1996/08/28,635,640,635,635,9000,635
1996/08/29,635,635,630,630,8000,630
1996/08/30,625,625,620,620,6000,620
1996/09/02,610,610,600,600,13000,600
1996/09/03,617,617,605,605,22000,605
1996/09/04,610,610,610,610,17000,610
1996/09/05,614,614,610,610,27000,610
1996/09/06,600,600,590,596,37000,596
1996/09/09,600,600,594,594,24000,594
1996/09/10,599,600,595,600,35000,600
1996/09/11,590,591,590,590,6000,590
1996/09/12,590,590,590,590,1000,590
1996/09/13,580,580,575,580,6000,580
1996/09/17,600,605,590,590,54000,590
1996/09/18,600,600,596,600,34000,600
1996/09/19,602,602,590,590,19000,590
1996/09/20,589,590,589,590,7000,590
1996/09/24,575,575,573,573,6000,573
1996/09/25,576,580,576,576,10000,576
1996/09/26,577,585,577,580,18000,580
1996/09/27,589,591,588,591,4000,591
1996/09/30,592,594,592,594,8000,594
1996/10/01,595,595,592,592,18000,592
1996/10/02,600,600,595,595,3000,595
1996/10/03,596,596,596,596,8000,596
1996/10/04,595,595,595,595,9000,595
1996/10/07,595,595,595,595,1000,595
1996/10/08,595,595,595,595,12000,595
1996/10/09,590,590,590,590,3000,590
1996/10/11,591,592,590,590,23000,590
1996/10/14,582,582,582,582,19000,582
1996/10/15,582,585,582,585,24000,585
1996/10/16,586,586,585,585,27000,585
1996/10/17,585,588,585,587,32000,587
1996/10/18,587,595,587,595,91000,595
1996/10/21,595,595,585,585,13000,585
1996/10/22,580,580,572,572,10000,572
1996/10/23,569,570,565,570,60000,570
1996/10/24,570,570,569,570,35000,570
1996/10/25,569,569,555,558,26000,558
1996/10/28,568,568,555,555,38000,555
1996/10/29,555,555,555,555,13000,555
1996/10/30,550,550,550,550,11000,550
1996/10/31,550,555,548,555,16000,555
1996/11/01,552,554,548,548,38000,548
1996/11/05,548,549,547,547,9000,547
1996/11/06,548,555,548,550,26000,550
1996/11/07,556,561,556,560,11000,560
1996/11/08,560,562,560,562,19000,562
1996/11/11,563,565,562,562,22000,562
1996/11/12,561,561,560,560,40000,560
1996/11/13,560,560,558,560,44000,560
1996/11/14,560,560,560,560,32000,560
1996/11/15,565,565,560,560,122000,560
1996/11/18,560,560,555,560,61000,560
1996/11/19,555,555,540,548,355000,548
1996/11/20,547,547,535,535,24000,535
1996/11/21,535,535,530,534,35000,534
1996/11/22,535,535,535,535,1000,535
1996/11/25,540,540,540,540,4000,540
1996/11/26,554,554,536,540,15000,540
1996/11/27,549,558,540,558,37000,558
1996/11/28,548,548,548,548,1000,548
1996/11/29,530,530,520,520,21000,520
1996/12/02,521,521,521,521,24000,521
1996/12/03,521,521,521,521,24000,521
1996/12/04,511,511,510,511,47000,511
1996/12/05,501,502,490,490,8000,490
1996/12/06,505,506,491,491,21000,491
1996/12/09,500,505,500,500,14000,500
1996/12/10,485,499,485,499,59000,499
1996/12/11,499,500,492,500,18000,500
1996/12/12,491,491,485,488,37000,488
1996/12/13,481,485,475,485,38000,485
1996/12/16,480,485,480,485,14000,485
1996/12/17,485,485,475,485,21000,485
1996/12/18,480,489,480,485,45000,485
1996/12/19,485,485,480,480,37000,480
1996/12/20,480,480,461,462,22000,462
1996/12/24,477,477,470,470,18000,470
1996/12/25,479,480,470,480,17000,480
1996/12/26,485,485,470,470,12000,470
1996/12/27,471,480,471,480,20000,480
1996/12/30,479,479,479,479,1000,479
1997/01/06,479,479,470,471,23000,471
1997/01/07,471,471,464,465,57000,465
1997/01/08,465,465,454,460,26000,460
1997/01/09,460,460,455,456,45000,456
1997/01/10,455,455,450,455,44000,455
1997/01/13,450,470,445,470,35000,470
1997/01/14,465,465,451,464,18000,464
1997/01/16,465,469,465,469,3000,469
1997/01/17,469,470,464,470,8000,470
1997/01/21,463,463,455,455,4000,455
1997/01/22,450,459,450,455,15000,455
1997/01/23,450,458,450,453,12000,453
1997/01/24,453,453,448,448,8000,448
1997/01/27,445,445,445,445,8000,445
1997/01/28,450,450,445,450,13000,450
1997/01/29,445,445,440,440,6000,440
1997/01/30,440,440,433,438,10000,438
1997/01/31,431,445,431,440,39000,440
1997/02/03,435,435,432,432,28000,432
1997/02/04,435,438,422,422,87000,422
1997/02/05,424,430,423,424,29000,424
1997/02/06,415,415,400,405,12000,405
1997/02/07,395,396,383,383,45000,383
1997/02/10,386,386,371,378,42000,378
1997/02/12,383,385,377,378,26000,378
1997/02/13,383,395,383,395,17000,395
1997/02/14,400,400,400,400,54000,400
1997/02/17,400,401,399,400,37000,400
1997/02/18,399,399,390,397,8000,397
1997/02/19,392,400,392,400,44000,400
1997/02/20,395,413,395,410,28000,410
1997/02/21,419,424,419,420,38000,420
1997/02/24,421,430,420,420,47000,420
1997/02/25,425,425,390,392,66000,392
1997/02/26,400,400,375,375,61000,375
1997/02/27,381,385,380,385,37000,385
1997/02/28,381,383,380,380,8000,380
1997/03/03,380,380,375,375,22000,375
1997/03/04,375,381,370,370,63000,370
1997/03/05,372,380,372,380,18000,380
1997/03/06,380,384,380,384,2000,384
1997/03/07,376,378,374,378,7000,378
1997/03/10,373,373,363,363,37000,363
1997/03/11,363,370,363,370,16000,370
1997/03/12,369,379,369,370,18000,370
1997/03/13,370,370,370,370,9000,370
1997/03/14,366,370,365,365,11000,365
1997/03/17,365,365,363,363,12000,363
1997/03/18,363,370,363,368,18000,368
1997/03/19,373,380,373,375,34000,375
1997/03/21,371,372,364,370,173000,370
1997/03/24,369,370,363,365,42000,365
1997/03/25,369,369,365,365,40000,365
1997/03/26,362,370,362,370,6000,370
1997/03/27,370,370,364,364,4000,364
1997/03/28,360,360,360,360,6000,360
1997/03/31,360,360,350,350,18000,350
1997/04/01,350,350,349,349,4000,349
1997/04/02,354,354,349,350,4000,350
1997/04/04,345,345,331,331,13000,331
1997/04/07,328,328,299,299,37000,299
1997/04/08,302,305,300,305,80000,305
1997/04/09,307,314,307,314,45000,314
1997/04/10,309,315,306,306,44000,306
1997/04/11,305,305,303,305,11000,305
1997/04/14,305,305,303,303,14000,303
1997/04/15,301,305,301,305,48000,305
1997/04/16,305,320,305,320,56000,320
1997/04/17,320,328,320,325,53000,325
1997/04/18,330,350,329,350,63000,350
1997/04/21,354,354,344,345,139000,345
1997/04/22,348,378,346,365,195000,365
1997/04/23,375,384,375,380,58000,380
1997/04/24,380,380,373,380,47000,380
1997/04/25,371,374,368,374,48000,374
1997/04/28,375,375,370,374,162000,374
1997/04/30,372,385,372,385,29000,385
1997/05/01,386,405,386,396,55000,396
1997/05/02,400,410,398,405,36000,405
1997/05/06,416,430,416,428,54000,428
1997/05/07,425,440,423,440,100000,440
1997/05/08,431,435,430,430,71000,430
1997/05/09,430,430,420,420,41000,420
1997/05/12,415,415,404,410,29000,410
1997/05/13,419,426,419,421,42000,421
1997/05/14,429,429,421,425,40000,425
1997/05/15,425,425,421,421,39000,421
1997/05/16,419,426,419,426,24000,426
1997/05/19,424,431,423,428,32000,428
1997/05/20,426,435,426,429,47000,429
1997/05/21,429,430,425,425,34000,425
1997/05/22,425,425,420,423,25000,423
1997/05/23,420,423,415,420,24000,420
1997/05/26,416,420,416,419,24000,419
1997/05/27,431,445,431,440,94000,440
1997/05/28,442,450,441,450,37000,450
1997/05/29,456,460,450,453,17000,453
1997/05/30,450,450,444,444,19000,444
1997/06/02,444,444,430,430,22000,430
1997/06/03,426,434,426,434,21000,434
1997/06/04,435,437,435,437,5000,437
1997/06/06,430,430,410,410,12000,410
1997/06/09,412,413,412,412,8000,412
1997/06/10,412,414,412,414,24000,414
1997/06/11,410,411,403,403,24000,403
1997/06/12,403,410,403,410,31000,410
1997/06/13,410,412,406,412,24000,412
1997/06/16,413,414,413,413,8000,413
1997/06/17,415,422,414,422,23000,422
1997/06/18,422,433,422,433,42000,433
1997/06/19,428,442,428,438,25000,438
1997/06/20,423,424,417,424,33000,424
1997/06/23,410,410,404,406,76000,406
1997/06/24,405,406,400,400,64000,400
1997/06/25,400,401,385,401,148000,401
1997/06/26,410,435,410,430,44000,430
1997/06/27,444,449,440,440,91000,440
1997/06/30,435,443,430,443,22000,443
1997/07/01,430,435,430,430,12000,430
1997/07/02,429,430,429,430,13000,430
1997/07/03,435,435,430,430,9000,430
1997/07/04,425,434,425,430,23000,430
1997/07/07,430,430,420,425,26000,425
1997/07/08,430,430,416,416,17000,416
1997/07/09,411,411,409,410,22000,410
1997/07/10,415,415,409,415,15000,415
1997/07/11,410,420,406,420,17000,420
1997/07/14,405,420,400,420,16000,420
1997/07/15,420,420,419,420,10000,420
1997/07/16,410,420,410,420,51000,420
1997/07/17,415,415,415,415,20000,415
1997/07/18,419,428,419,428,30000,428
1997/07/22,429,430,425,430,85000,430
1997/07/23,430,430,425,430,78000,430
1997/07/24,431,431,429,430,20000,430
1997/07/25,430,430,429,430,33000,430
1997/07/28,435,435,430,431,51000,431
1997/07/29,432,432,430,430,10000,430
1997/07/30,430,430,428,430,72000,430
1997/07/31,430,430,424,429,63000,429
1997/08/01,430,432,430,431,39000,431
1997/08/04,433,434,430,430,26000,430
1997/08/05,430,430,427,430,56000,430
1997/08/06,430,431,424,430,84000,430
1997/08/07,430,430,430,430,43000,430
1997/08/08,420,430,420,430,144000,430
1997/08/11,426,426,418,418,18000,418
1997/08/12,415,415,405,410,114000,410
1997/08/13,330,330,330,330,62000,330
1997/08/14,341,350,336,340,87000,340
1997/08/15,340,370,340,370,28000,370
1997/08/18,350,350,350,350,1000,350
1997/08/19,350,350,340,340,5000,340
1997/08/20,335,335,330,330,62000,330
1997/08/21,330,330,329,329,8000,329
1997/08/22,325,329,324,329,14000,329
1997/08/26,344,344,320,320,18000,320
1997/08/27,320,320,320,320,2000,320
1997/08/28,320,320,315,315,11000,315
1997/08/29,310,310,281,289,78000,289
1997/09/01,290,300,290,296,20000,296
1997/09/02,295,295,291,291,5000,291
1997/09/03,291,298,291,291,29000,291
1997/09/04,291,292,289,291,28000,291
1997/09/05,286,288,285,288,9000,288
1997/09/08,284,284,284,284,14000,284
1997/09/09,280,281,280,281,9000,281
1997/09/10,276,276,255,260,25000,260
1997/09/11,260,260,259,260,14000,260
1997/09/12,260,260,260,260,21000,260
1997/09/16,260,260,256,260,66000,260
1997/09/17,260,265,260,260,55000,260
1997/09/18,260,260,252,260,130000,260
1997/09/19,252,260,252,260,11000,260
1997/09/22,259,259,253,253,30000,253
1997/09/24,253,260,252,252,86000,252
1997/09/25,266,266,256,256,43000,256
1997/09/26,269,269,260,260,174000,260
1997/09/29,252,252,250,250,22000,250
1997/09/30,251,251,250,250,22000,250
1997/10/01,250,250,240,243,63000,243
1997/10/02,248,250,242,250,236000,250
1997/10/03,240,249,240,249,50000,249
1997/10/06,240,245,240,245,11000,245
1997/10/07,244,245,244,245,14000,245
1997/10/08,245,245,245,245,3000,245
1997/10/09,245,245,245,245,10000,245
1997/10/13,250,250,250,250,21000,250
1997/10/14,250,250,250,250,7000,250
1997/10/16,256,260,250,260,23000,260
1997/10/17,270,270,270,270,27000,270
1997/10/20,263,263,260,260,13000,260
1997/10/21,255,255,255,255,5000,255
1997/10/22,256,260,255,260,26000,260
1997/10/23,263,263,255,263,70000,263
1997/10/24,254,254,250,250,25000,250
1997/10/27,250,250,241,241,3000,241
1997/10/28,245,246,233,233,36000,233
1997/10/29,244,245,235,235,62000,235
1997/10/30,235,239,233,239,34000,239
1997/10/31,232,237,232,233,40000,233
1997/11/04,230,239,230,237,6000,237
1997/11/05,237,237,235,235,22000,235
1997/11/06,235,235,235,235,16000,235
1997/11/07,230,230,220,226,54000,226
1997/11/10,211,211,211,211,4000,211
1997/11/11,206,211,206,206,99000,206
1997/11/12,207,207,206,206,44000,206
1997/11/13,205,206,201,206,19000,206
1997/11/14,205,206,200,200,53000,200
1997/11/17,190,200,190,200,117000,200
1997/11/18,200,204,195,200,118000,200
1997/11/19,197,200,190,190,60000,190
1997/11/20,185,190,178,178,112000,178
1997/11/21,177,196,177,190,120000,190
1997/11/25,175,175,160,161,200000,161
1997/11/26,170,175,160,173,429000,173
1997/11/27,175,175,145,164,785000,164
1997/11/28,174,186,173,185,107000,185
1997/12/01,188,199,188,196,278000,196
1997/12/02,200,207,196,202,220000,202
1997/12/03,202,205,199,200,86000,200
1997/12/04,200,200,185,200,119000,200
1997/12/05,199,200,198,200,59000,200
1997/12/08,197,197,191,192,71000,192
1997/12/09,191,193,191,193,328000,193
1997/12/10,200,200,200,200,129000,200
1997/12/11,200,200,195,199,282000,199
1997/12/12,200,200,185,185,91000,185
1997/12/15,182,182,181,181,61000,181
1997/12/16,183,190,183,190,26000,190
1997/12/17,192,200,191,195,53000,195
1997/12/18,195,195,190,195,41000,195
1997/12/19,195,195,185,187,17000,187
1997/12/22,185,185,184,185,48000,185
1997/12/24,185,185,180,185,78000,185
1997/12/25,190,205,190,200,29000,200
1997/12/26,200,200,190,190,30000,190
1997/12/29,180,185,180,180,26000,180
1997/12/30,180,185,180,180,23000,180
1998/01/05,195,195,195,195,3000,195
1998/01/06,195,195,180,182,10000,182
1998/01/07,181,181,180,180,50000,180
1998/01/08,185,187,180,186,23000,186
1998/01/09,186,186,185,186,24000,186
1998/01/12,180,180,180,180,26000,180
1998/01/13,180,180,180,180,7000,180
1998/01/14,180,180,180,180,15000,180
1998/01/16,180,187,180,181,85000,181
1998/01/19,183,195,183,195,21000,195
1998/01/20,195,200,195,200,2000,200
1998/01/21,206,210,205,210,81000,210
1998/01/22,205,205,203,204,42000,204
1998/01/23,203,205,203,205,25000,205
1998/01/26,210,240,210,238,148000,238
1998/01/27,239,248,230,248,100000,248
1998/01/28,245,286,245,280,161000,280
1998/01/29,280,280,241,245,70000,245
1998/01/30,244,244,233,233,18000,233
1998/02/02,234,238,234,238,11000,238
1998/02/03,247,247,236,236,23000,236
1998/02/04,240,240,235,235,5000,235
1998/02/05,234,235,225,225,23000,225
1998/02/06,227,231,227,231,3000,231
1998/02/09,232,240,232,240,77000,240
1998/02/10,240,256,240,243,122000,243
1998/02/12,263,263,258,258,118000,258
1998/02/13,263,263,248,250,41000,250
1998/02/16,246,246,236,240,23000,240
1998/02/17,245,254,236,254,49000,254
1998/02/18,250,250,250,250,6000,250
1998/02/19,236,238,236,238,3000,238
1998/02/20,238,238,236,238,6000,238
1998/02/23,238,238,238,238,1000,238
1998/02/24,248,248,236,238,24000,238
1998/02/25,234,234,232,232,24000,232
1998/02/26,233,234,233,233,7000,233
1998/02/27,235,242,235,242,29000,242
1998/03/02,245,254,242,254,56000,254
1998/03/03,259,259,250,250,13000,250
1998/03/04,253,253,250,250,15000,250
1998/03/05,244,244,232,232,13000,232
1998/03/06,230,232,210,226,87000,226
1998/03/09,225,225,220,221,42000,221
1998/03/10,220,220,218,220,19000,220
1998/03/11,220,224,216,216,16000,216
1998/03/12,220,220,214,214,54000,214
1998/03/13,215,225,215,220,53000,220
1998/03/16,226,227,221,227,44000,227
1998/03/17,226,226,222,225,35000,225
1998/03/18,226,226,222,222,18000,222
1998/03/19,226,226,216,216,117000,216
1998/03/20,210,210,208,209,37000,209
1998/03/23,213,213,210,213,40000,213
1998/03/24,212,215,210,211,33000,211
1998/03/25,217,220,217,219,21000,219
1998/03/26,220,220,220,220,5000,220
1998/03/27,220,220,210,210,11000,210
1998/03/30,200,205,200,200,7000,200
1998/03/31,195,195,190,191,21000,191
1998/04/01,190,200,190,200,67000,200
1998/04/02,200,200,194,195,78000,195
1998/04/03,195,195,189,190,50000,190
1998/04/06,190,192,190,191,28000,191
1998/04/07,195,195,195,195,1000,195
1998/04/08,210,210,210,210,10000,210
1998/04/09,220,220,220,220,5000,220
1998/04/10,219,219,215,215,3000,215
1998/04/13,219,219,200,200,30000,200
1998/04/14,201,202,201,202,6000,202
1998/04/15,207,207,201,201,3000,201
1998/04/16,210,210,200,200,8000,200
1998/04/17,200,200,200,200,9000,200
1998/04/20,190,190,190,190,8000,190
1998/04/21,195,200,195,200,3000,200
1998/04/22,200,204,198,204,8000,204
1998/04/23,200,200,200,200,8000,200
1998/04/24,200,202,193,193,23000,193
1998/04/27,198,198,190,190,7000,190
1998/04/28,190,190,185,185,19000,185
1998/04/30,185,185,185,185,10000,185
1998/05/01,185,185,181,184,7000,184
1998/05/06,195,195,195,195,2000,195
1998/05/07,184,184,180,180,6000,180
1998/05/08,180,180,180,180,5000,180
1998/05/12,180,180,176,180,5000,180
1998/05/13,180,180,180,180,2000,180
1998/05/14,185,185,176,176,5000,176
1998/05/15,176,176,176,176,2000,176
1998/05/18,185,190,185,185,12000,185
1998/05/19,185,195,185,195,115000,195
1998/05/20,198,200,195,195,10000,195
1998/05/21,195,202,195,202,55000,202
1998/05/25,200,210,200,210,141000,210
1998/05/26,210,210,205,205,23000,205
1998/05/27,220,220,220,220,5000,220
1998/05/29,206,206,206,206,5000,206
1998/06/01,210,210,205,205,23000,205
1998/06/02,210,210,203,205,13000,205
1998/06/03,205,209,205,209,3000,209
1998/06/04,206,210,206,210,16000,210
1998/06/10,200,200,200,200,1000,200
1998/06/11,190,190,190,190,2000,190
1998/06/12,176,181,176,181,5000,181
1998/06/15,181,181,180,180,16000,180
1998/06/16,180,180,180,180,18000,180
1998/06/17,179,179,161,161,22000,161
1998/06/18,175,180,175,179,51000,179
1998/06/19,175,175,175,175,20000,175
1998/06/22,170,175,170,175,47000,175
1998/06/23,170,170,170,170,8000,170
1998/06/24,170,170,163,164,73000,164
1998/06/25,170,170,166,166,32000,166
1998/06/26,169,169,167,169,30000,169
1998/06/29,169,169,169,169,7000,169
1998/06/30,170,175,170,175,110000,175
1998/07/01,180,190,180,185,43000,185
1998/07/02,197,197,191,192,23000,192
1998/07/03,185,191,185,185,27000,185
1998/07/06,185,185,185,185,11000,185
1998/07/07,185,187,185,187,18000,187
1998/07/08,187,192,186,190,41000,190
1998/07/09,196,200,196,197,45000,197
1998/07/10,200,200,195,196,183000,196
1998/07/13,185,190,185,190,13000,190
1998/07/14,190,190,185,185,14000,185
1998/07/15,187,187,185,185,19000,185
1998/07/16,181,185,175,185,12000,185
1998/07/17,184,185,181,182,18000,182
1998/07/21,180,182,180,180,46000,180
1998/07/22,179,179,175,175,8000,175
1998/07/23,174,175,174,174,5000,174
1998/07/24,170,170,167,167,38000,167
1998/07/27,167,170,167,170,26000,170
1998/07/28,174,174,169,169,111000,169
1998/07/29,169,169,165,169,48000,169
1998/07/30,167,167,162,165,22000,165
1998/07/31,165,165,161,164,40000,164
1998/08/03,165,166,164,164,259000,164
1998/08/04,164,164,164,164,5000,164
1998/08/05,162,162,161,162,21000,162
1998/08/06,160,163,160,160,21000,160
1998/08/07,160,160,155,160,11000,160
1998/08/10,155,155,145,150,16000,150
1998/08/11,150,150,147,147,9000,147
1998/08/12,147,147,145,146,38000,146
1998/08/13,146,146,144,144,20000,144
1998/08/14,145,145,141,145,31000,145
1998/08/17,150,150,145,145,19000,145
1998/08/18,149,150,147,147,21000,147
1998/08/19,145,147,145,145,29000,145
1998/08/20,143,144,143,143,14000,143
1998/08/21,143,145,141,145,234000,145
1998/08/24,147,147,147,147,2000,147
1998/08/26,150,155,150,150,15000,150
1998/08/28,150,153,148,153,44000,153
1998/08/31,146,150,146,146,11000,146
1998/09/01,150,150,145,145,36000,145
1998/09/02,147,147,142,144,39000,144
1998/09/03,142,142,140,141,28000,141
1998/09/04,140,140,135,137,31000,137
1998/09/07,140,140,140,140,10000,140
1998/09/08,144,150,144,144,35000,144
1998/09/09,148,150,145,145,22000,145
1998/09/10,145,145,145,145,12000,145
1998/09/11,145,145,140,140,12000,140
1998/09/14,141,142,140,140,11000,140
1998/09/16,140,140,140,140,22000,140
1998/09/17,141,141,140,140,6000,140
1998/09/18,139,139,135,135,6000,135
1998/09/21,140,140,132,132,29000,132
1998/09/22,132,132,130,130,19000,130
1998/09/24,130,134,128,128,52000,128
1998/09/25,132,132,130,130,40000,130
1998/09/28,131,131,130,130,40000,130
1998/09/29,130,130,130,130,21000,130
1998/09/30,130,131,130,130,6000,130
1998/10/01,130,130,130,130,2000,130
1998/10/02,125,125,120,125,32000,125
1998/10/05,125,125,119,119,13000,119
1998/10/06,119,119,118,119,17000,119
1998/10/07,119,120,117,119,42000,119
1998/10/08,120,120,118,118,44000,118
1998/10/09,117,117,110,116,7000,116
1998/10/12,119,121,119,120,78000,120
1998/10/13,123,135,123,135,13000,135
1998/10/14,125,125,125,125,30000,125
1998/10/15,125,125,120,120,3000,120
1998/10/16,120,121,120,120,9000,120
1998/10/19,123,123,120,120,22000,120
1998/10/20,120,120,120,120,14000,120
1998/10/21,120,128,120,128,289000,128
1998/10/22,128,130,128,130,90000,130
1998/10/23,130,132,128,128,52000,128
1998/10/26,130,130,128,130,12000,130
1998/10/27,130,130,130,130,33000,130
1998/10/28,130,131,121,121,20000,121
1998/10/29,121,121,121,121,4000,121
1998/10/30,121,128,121,128,402000,128
1998/11/02,138,138,135,135,145000,135
1998/11/04,135,165,135,164,44000,164
1998/11/05,163,163,140,142,34000,142
1998/11/06,146,150,145,150,32000,150
1998/11/09,150,150,145,149,15000,149
1998/11/10,145,145,145,145,6000,145
1998/11/11,150,155,150,155,4000,155
1998/11/13,150,150,145,147,13000,147
1998/11/16,147,155,147,150,6000,150
1998/11/17,151,151,151,151,10000,151
1998/11/18,154,154,150,150,13000,150
1998/11/19,150,150,150,150,13000,150
1998/11/20,150,150,150,150,4000,150
1998/11/24,156,165,156,165,66000,165
1998/11/25,165,165,160,160,30000,160
1998/11/26,164,164,152,152,13000,152
1998/11/27,165,166,162,165,48000,165
1998/11/30,170,170,166,170,45000,170
1998/12/01,167,168,161,161,23000,161
1998/12/02,161,165,160,160,16000,160
1998/12/03,160,160,159,159,16000,159
1998/12/04,158,158,157,157,9000,157
1998/12/07,157,160,157,160,5000,160
1998/12/08,168,168,168,168,1000,168
1998/12/09,163,163,163,163,3000,163
1998/12/10,165,166,165,166,49000,166
1998/12/11,168,168,163,163,25000,163
1998/12/14,160,165,160,164,21000,164
1998/12/15,155,155,146,146,7000,146
1998/12/16,146,151,146,151,14000,151
1998/12/17,150,150,150,150,26000,150
1998/12/18,155,155,150,150,5000,150
1998/12/21,151,151,146,146,10000,146
1998/12/22,146,146,146,146,24000,146
1998/12/24,148,148,146,146,2000,146
1998/12/25,150,151,145,145,27000,145
1998/12/28,150,153,150,153,9000,153
1998/12/29,153,153,150,150,10000,150
1998/12/30,150,151,150,151,6000,151
1999/01/04,151,151,145,145,11000,145
1999/01/05,149,149,147,147,14000,147
1999/01/06,150,151,150,151,14000,151
1999/01/07,156,165,154,165,22000,165
1999/01/08,165,165,160,160,13000,160
1999/01/11,158,158,153,153,2000,153
1999/01/12,153,153,153,153,8000,153
1999/01/13,153,157,153,157,58000,157
1999/01/14,153,155,153,153,45000,153
1999/01/18,156,156,156,156,19000,156
1999/01/19,158,158,156,156,5000,156
1999/01/20,158,158,158,158,11000,158
1999/01/21,159,162,159,160,7000,160
1999/01/22,160,161,156,158,40000,158
1999/01/25,156,158,146,158,32000,158
1999/01/26,158,158,155,158,31000,158
1999/01/27,158,158,156,157,28000,157
1999/01/28,165,165,157,162,84000,162
1999/01/29,167,167,167,167,5000,167
1999/02/01,162,165,162,165,23000,165
1999/02/02,165,169,165,165,52000,165
1999/02/03,165,165,162,162,37000,162
1999/02/04,156,156,154,156,18000,156
1999/02/05,156,157,155,155,51000,155
1999/02/08,160,164,160,164,10000,164
1999/02/09,165,165,160,160,8000,160
1999/02/10,160,160,160,160,3000,160
1999/02/12,159,164,155,160,57000,160
1999/02/15,159,161,156,156,9000,156
1999/02/16,151,157,145,148,50000,148
1999/02/17,150,155,150,155,9000,155
1999/02/18,156,156,156,156,21000,156
1999/02/19,159,159,157,159,44000,159
1999/02/22,159,165,159,163,32000,163
1999/02/23,167,180,165,173,187000,173
1999/02/24,177,179,176,179,61000,179
1999/02/25,181,185,174,174,69000,174
1999/02/26,184,186,181,186,105000,186
1999/03/01,186,189,183,183,62000,183
1999/03/02,183,183,175,175,86000,175
1999/03/03,175,175,172,172,43000,172
1999/03/04,170,174,167,169,43000,169
1999/03/05,171,174,170,172,18000,172
1999/03/08,189,190,183,190,155000,190
1999/03/09,184,187,180,180,158000,180
1999/03/10,189,195,189,192,121000,192
1999/03/11,200,203,198,200,212000,200
1999/03/12,210,220,202,202,93000,202
1999/03/15,205,210,205,208,117000,208
1999/03/16,211,229,208,227,97000,227
1999/03/17,232,235,221,231,346000,231
1999/03/18,286,299,260,260,607000,260
1999/03/19,295,299,275,299,402000,299
1999/03/23,309,318,299,317,343000,317
1999/03/24,305,305,291,299,134000,299
1999/03/25,287,297,285,296,117000,296
1999/03/26,300,305,292,296,163000,296
1999/03/29,281,285,270,275,150000,275
1999/03/30,260,269,246,269,196000,269
1999/03/31,264,267,245,267,195000,267
1999/04/01,282,290,265,290,94000,290
1999/04/02,300,300,291,295,103000,295
1999/04/05,305,310,300,306,172000,306
1999/04/06,306,306,290,295,111000,295
1999/04/07,295,300,280,300,89000,300
1999/04/08,305,310,302,309,142000,309
1999/04/09,311,315,310,314,228000,314
1999/04/12,315,315,309,315,104000,315
1999/04/13,315,343,314,342,219000,342
1999/04/14,359,365,353,360,411000,360
1999/04/15,361,379,355,375,198000,375
1999/04/16,395,395,375,384,199000,384
1999/04/19,379,379,356,369,142000,369
1999/04/20,350,362,345,348,122000,348
1999/04/21,345,349,333,340,120000,340
1999/04/22,335,336,311,320,142000,320
1999/04/23,335,370,330,370,61000,370
1999/04/26,368,400,355,400,274000,400
1999/04/27,400,400,382,385,187000,385
1999/04/28,383,398,361,363,101000,363
1999/04/30,360,390,360,384,93000,384
1999/05/06,389,392,380,384,101000,384
1999/05/07,389,389,382,383,86000,383
1999/05/10,383,385,372,377,84000,377
1999/05/11,375,375,350,359,90000,359
1999/05/12,350,352,341,350,39000,350
1999/05/13,335,349,321,349,144000,349
1999/05/14,360,365,341,350,66000,350
1999/05/17,340,345,330,330,36000,330
1999/05/18,330,330,322,330,20000,330
1999/05/19,330,330,300,314,94000,314
1999/05/20,301,320,272,315,124000,315
1999/05/21,320,322,318,322,53000,322
1999/05/24,322,322,320,320,72000,320
1999/05/25,315,320,314,315,25000,315
1999/05/26,310,315,305,315,35000,315
1999/05/27,330,330,321,325,39000,325
1999/05/28,320,320,311,314,100000,314
1999/05/31,309,309,297,303,42000,303
1999/06/01,303,303,298,300,22000,300
1999/06/02,305,305,303,305,143000,305
1999/06/03,307,307,295,303,31000,303
1999/06/04,303,303,295,295,27000,295
1999/06/07,285,310,285,310,9000,310
1999/06/08,320,325,319,321,27000,321
1999/06/09,321,321,319,321,14000,321
1999/06/10,315,339,315,335,49000,335
1999/06/11,351,370,351,365,117000,365
1999/06/14,354,355,345,355,36000,355
1999/06/15,350,355,350,353,48000,353
1999/06/16,350,363,350,363,71000,363
1999/06/17,365,395,364,395,160000,395
1999/06/18,395,435,386,435,755000,435
1999/06/21,425,425,406,413,146000,413
1999/06/22,409,450,407,448,359000,448
1999/06/23,438,440,429,430,68000,430
1999/06/24,428,428,415,420,85000,420
1999/06/25,392,400,390,390,44000,390
1999/06/28,389,403,389,403,32000,403
1999/06/29,410,410,405,405,20000,405
1999/06/30,415,420,415,415,45000,415
1999/07/01,420,469,420,469,335000,469
1999/07/02,493,500,487,496,442000,496
1999/07/05,576,576,571,576,395000,576
1999/07/06,625,676,621,660,819000,660
1999/07/07,620,630,560,609,362000,609
1999/07/08,600,600,577,577,177000,577
1999/07/09,580,620,575,614,195000,614
1999/07/12,620,620,606,615,173000,615
1999/07/13,616,628,610,620,238000,620
1999/07/14,620,627,620,625,352000,625
1999/07/15,628,709,628,690,638000,690
1999/07/16,710,769,710,739,899000,739
1999/07/19,799,800,775,799,629000,799
1999/07/21,739,745,710,711,260000,711
1999/07/22,701,701,650,659,150000,659
1999/07/23,600,648,600,621,208000,621
1999/07/26,659,659,650,657,53000,657
1999/07/27,650,650,626,635,43000,635
1999/07/28,645,645,630,638,94000,638
1999/07/29,660,697,658,675,338000,675
1999/07/30,679,685,669,681,127000,681
1999/08/02,683,699,681,688,71000,688
1999/08/03,690,710,690,710,175000,710
1999/08/04,710,710,650,670,75000,670
1999/08/05,640,645,605,626,45000,626
1999/08/06,620,650,620,641,32000,641
1999/08/09,641,641,641,641,6000,641
1999/08/10,641,642,641,641,9000,641
1999/08/11,641,645,641,645,6000,645
1999/08/12,650,650,641,641,28000,641
1999/08/13,650,665,650,660,7000,660
1999/08/16,680,680,660,660,38000,660
1999/08/17,680,685,680,685,21000,685
1999/08/18,686,686,649,649,32000,649
1999/08/19,645,650,645,650,3000,650
1999/08/20,656,676,650,665,50000,665
1999/08/23,684,684,645,656,35000,656
1999/08/24,676,676,621,640,24000,640
1999/08/25,626,630,620,621,19000,621
1999/08/26,622,622,612,618,40000,618
1999/08/27,660,660,649,649,13000,649
1999/08/30,645,649,618,619,58000,619
1999/08/31,619,621,616,616,16000,616
1999/09/01,612,637,612,637,24000,637
1999/09/02,640,645,620,645,75000,645
1999/09/03,645,655,645,650,75000,650
1999/09/06,690,698,670,698,106000,698
1999/09/07,718,718,702,710,169000,710
1999/09/08,740,745,699,699,94000,699
1999/09/09,699,710,690,710,58000,710
1999/09/10,720,739,710,739,133000,739
1999/09/13,745,823,739,820,451000,820
1999/09/14,821,840,812,835,566000,835
1999/09/16,835,850,810,820,262000,820
1999/09/17,825,830,815,821,365000,821
1999/09/20,830,831,810,810,61000,810
1999/09/21,770,770,750,755,66000,755
1999/09/22,705,730,705,720,140000,720
1999/09/24,670,705,670,686,36000,686
1999/09/27,696,696,676,683,40000,683
1999/09/28,686,690,672,686,111000,686
1999/09/29,700,710,700,705,55000,705
1999/09/30,730,738,730,730,70000,730
1999/10/01,680,730,680,730,13000,730
1999/10/04,730,730,701,730,40000,730
1999/10/05,740,740,680,680,19000,680
1999/10/06,683,686,683,685,8000,685
1999/10/07,691,700,683,700,23000,700
1999/10/08,701,701,684,685,18000,685
1999/10/12,686,700,685,694,25000,694
1999/10/13,694,700,685,700,36000,700
1999/10/14,690,700,680,700,18000,700
1999/10/15,710,720,680,680,53000,680
1999/10/18,620,650,620,641,32000,641
1999/10/19,671,671,641,650,14000,650
1999/10/20,660,740,660,720,99000,720
1999/10/21,749,749,699,700,117000,700
1999/10/22,720,740,700,740,76000,740
1999/10/25,760,770,710,710,167000,710
1999/10/26,651,700,651,672,45000,672
1999/10/27,692,692,680,680,18000,680
1999/10/28,671,680,650,650,29000,650
1999/10/29,690,690,652,652,16000,652
1999/11/01,690,690,660,660,16000,660
1999/11/02,650,655,650,650,42000,650
1999/11/04,649,649,629,629,62000,629
1999/11/05,645,645,621,621,52000,621
1999/11/08,640,650,625,630,157000,630
1999/11/09,635,640,625,626,105000,626
1999/11/10,630,650,622,635,41000,635
1999/11/11,635,635,585,585,134000,585
1999/11/12,588,588,550,576,234000,576
1999/11/15,625,625,576,585,74000,585
1999/11/16,585,586,576,576,31000,576
1999/11/17,581,600,581,599,24000,599
1999/11/18,599,600,595,595,40000,595
1999/11/19,600,605,600,605,117000,605
1999/11/22,615,660,610,638,192000,638
1999/11/24,638,655,637,645,234000,645
1999/11/25,670,674,645,645,134000,645
1999/11/26,646,660,641,648,58000,648
1999/11/29,651,668,639,649,28000,649
1999/11/30,648,648,605,611,16000,611
1999/12/01,610,614,610,612,28000,612
1999/12/02,612,612,564,580,36000,580
1999/12/03,609,609,576,580,48000,580
1999/12/06,585,590,580,586,33000,586
1999/12/07,588,600,588,590,48000,590
1999/12/08,590,609,588,603,54000,603
1999/12/09,599,605,595,595,65000,595
1999/12/10,600,600,595,597,26000,597
1999/12/13,590,590,570,570,27000,570
1999/12/14,570,575,570,570,44000,570
1999/12/15,560,560,545,545,70000,545
1999/12/16,550,550,527,527,122000,527
1999/12/17,528,530,520,520,41000,520
1999/12/20,501,510,490,495,98000,495
1999/12/21,480,480,450,460,143000,460
1999/12/22,465,465,432,434,638000,434
1999/12/24,471,514,466,514,183000,514
1999/12/27,574,578,530,530,155000,530
1999/12/28,560,560,540,540,32000,540
1999/12/29,510,540,500,540,25000,540
1999/12/30,516,540,516,540,19000,540
2000/01/04,540,600,540,600,154000,600
2000/01/05,600,608,570,608,165000,608
2000/01/06,610,628,600,601,78000,601
2000/01/07,610,610,580,580,39000,580
2000/01/11,620,620,590,600,41000,600
2000/01/12,620,630,610,620,76000,620
2000/01/13,619,619,608,611,16000,611
2000/01/14,620,640,620,630,163000,630
2000/01/17,650,691,650,689,170000,689
2000/01/18,689,690,666,682,107000,682
2000/01/19,678,680,650,650,52000,650
2000/01/20,650,678,650,670,66000,670
2000/01/21,671,684,661,661,117000,661
2000/01/24,671,685,671,685,50000,685
2000/01/25,680,685,660,665,164000,665
2000/01/26,650,663,630,630,82000,630
2000/01/27,631,650,631,644,112000,644
2000/01/28,700,710,680,701,173000,701
2000/01/31,705,740,704,729,159000,729
2000/02/01,738,753,738,740,232000,740
2000/02/02,750,769,750,760,149000,760
2000/02/03,765,810,765,800,278000,800
2000/02/04,800,800,765,785,170000,785
2000/02/07,785,800,775,790,265000,790
2000/02/08,799,803,790,790,86000,790
2000/02/09,800,835,795,796,325000,796
2000/02/10,810,896,810,896,471000,896
2000/02/14,900,920,885,885,369000,885
2000/02/15,885,890,830,836,135000,836
2000/02/16,816,816,791,799,136000,799
2000/02/17,800,849,800,848,106000,848
2000/02/18,850,850,828,828,96000,828
2000/02/21,800,804,765,770,69000,770
2000/02/22,770,815,725,815,101000,815
2000/02/23,799,819,790,790,43000,790
2000/02/24,805,828,805,820,45000,820
2000/02/25,819,820,809,820,50000,820
2000/02/28,818,820,808,819,30000,819
2000/02/29,809,839,809,820,43000,820
2000/03/01,820,850,820,850,150000,850
2000/03/03,1050,1050,1050,1050,1194000,1050
2000/03/06,1050,1080,950,980,558000,980
2000/03/07,980,980,950,950,159000,950
2000/03/08,970,1050,962,1050,156000,1050
2000/03/09,1090,1170,1061,1129,533000,1129
2000/03/10,1111,1130,1091,1092,179000,1092
2000/03/13,1100,1100,960,960,151000,960
2000/03/14,950,1030,950,1009,109000,1009
2000/03/15,1000,1000,979,990,310000,990
2000/03/16,1001,1090,1001,1090,339000,1090
2000/03/17,1190,1198,1150,1150,483000,1150
2000/03/21,1200,1320,1200,1280,790000,1280
2000/03/22,1380,1450,1293,1335,1071000,1335
2000/03/23,1334,1334,1290,1310,465000,1310
2000/03/24,1320,1380,1320,1322,447000,1322
2000/03/27,1382,1392,1340,1392,391000,1392
2000/03/28,1382,1400,1290,1342,270000,1342
2000/03/29,1341,1378,1300,1318,170000,1318
2000/03/30,1370,1370,1325,1331,105000,1331
2000/03/31,1330,1360,1320,1339,117000,1339
2000/04/03,1352,1377,1320,1330,253000,1330
2000/04/04,1331,1331,1240,1269,138000,1269
2000/04/05,1310,1349,1270,1349,493000,1349
2000/04/06,1280,1291,1210,1220,123000,1220
2000/04/07,1220,1270,1210,1270,100000,1270
2000/04/10,1300,1319,1300,1300,135000,1300
2000/04/11,1300,1310,1276,1290,70000,1290
2000/04/12,1270,1280,1241,1250,56000,1250
2000/04/13,1210,1210,1129,1160,142000,1160
2000/04/14,1110,1110,1033,1050,254000,1050
2000/04/17,850,900,850,900,517000,900
2000/04/18,950,990,870,870,347000,870
2000/04/19,920,970,918,970,177000,970
2000/04/20,1000,1050,1000,1040,162000,1040
2000/04/21,1060,1130,1060,1119,295000,1119
2000/04/24,1131,1180,1121,1180,262000,1180
2000/04/25,1100,1170,1080,1170,155000,1170
2000/04/26,1150,1180,1090,1148,94000,1148
2000/04/27,1087,1087,1020,1030,111000,1030
2000/04/28,1030,1030,988,1028,133000,1028
2000/05/01,1050,1100,1050,1090,119000,1090
2000/05/02,1090,1120,1070,1085,63000,1085
2000/05/08,1065,1080,1040,1040,44000,1040
2000/05/09,1010,1080,1010,1059,38000,1059
2000/05/10,1050,1050,1021,1021,128000,1021
2000/05/11,1000,1000,990,995,254000,995
2000/05/12,995,1010,970,970,297000,970
2000/05/15,950,970,943,950,315000,950
2000/05/16,951,971,950,950,392000,950
2000/05/17,1020,1050,1020,1020,116000,1020
2000/05/18,999,999,950,980,92000,980
2000/05/19,965,974,919,974,69000,974
2000/05/22,894,900,874,885,144000,885
2000/05/23,870,876,835,840,135000,840
2000/05/24,800,860,800,830,136000,830
2000/05/25,875,882,865,874,87000,874
2000/05/26,811,827,810,827,101000,827
2000/05/29,810,831,805,810,105000,810
2000/05/30,816,820,810,816,140000,816
2000/05/31,840,855,840,848,100000,848
2000/06/01,831,845,820,821,33000,821
2000/06/02,836,851,836,850,65000,850
2000/06/05,895,907,885,907,191000,907
2000/06/06,927,927,860,870,94000,870
2000/06/07,870,900,870,900,24000,900
2000/06/08,885,910,870,870,49000,870
2000/06/09,880,900,880,881,21000,881
2000/06/12,860,881,856,881,15000,881
2000/06/13,872,872,850,850,21000,850
2000/06/14,856,860,845,845,23000,845
2000/06/15,844,855,810,812,43000,812
2000/06/16,830,839,825,830,38000,830
2000/06/19,830,850,826,845,47000,845
2000/06/20,855,868,852,868,92000,868
2000/06/21,870,879,861,861,66000,861
2000/06/22,861,865,850,850,69000,850
2000/06/23,847,847,840,846,37000,846
2000/06/26,856,862,852,862,69000,862
2000/06/27,870,875,865,870,46000,870
2000/06/28,867,875,867,870,28000,870
2000/06/29,870,890,870,890,30000,890
2000/06/30,891,895,886,891,39000,891
2000/07/03,901,915,901,901,124000,901
2000/07/04,931,979,930,967,265000,967
2000/07/05,970,980,955,970,275000,970
2000/07/06,950,960,940,950,39000,950
2000/07/07,940,940,930,935,25000,935
2000/07/10,930,930,919,922,60000,922
2000/07/11,922,930,920,930,65000,930
2000/07/12,930,930,914,914,151000,914
2000/07/13,894,899,887,897,48000,897
2000/07/14,877,877,853,857,85000,857
2000/07/17,860,865,840,840,106000,840
2000/07/18,740,740,740,740,336000,740
2000/07/19,700,740,700,715,321000,715
2000/07/21,715,734,715,716,212000,716
2000/07/24,710,710,640,699,176000,699
2000/07/25,699,699,680,689,68000,689
2000/07/26,650,670,630,645,194000,645
2000/07/27,640,645,620,645,73000,645
2000/07/28,645,650,610,610,92000,610
2000/07/31,611,680,600,650,65000,650
2000/08/01,660,680,651,670,88000,670
2000/08/02,675,675,669,670,50000,670
2000/08/03,675,680,650,675,60000,675
2000/08/04,656,660,650,650,69000,650
2000/08/07,638,638,605,629,108000,629
2000/08/08,659,659,621,639,53000,639
2000/08/09,629,635,625,635,44000,635
2000/08/10,625,635,625,634,29000,634
2000/08/11,635,635,625,627,80000,627
2000/08/14,635,690,635,690,141000,690
2000/08/15,700,745,700,730,137000,730
2000/08/16,748,748,720,738,81000,738
2000/08/17,734,750,700,700,90000,700
2000/08/18,714,725,703,710,40000,710
2000/08/21,710,730,710,724,35000,724
2000/08/22,719,719,708,717,34000,717
2000/08/23,721,728,714,728,58000,728
2000/08/24,728,730,713,718,36000,718
2000/08/25,721,727,708,715,38000,715
2000/08/28,700,720,700,714,105000,714
2000/08/29,710,715,691,697,60000,697
2000/08/30,705,705,698,698,21000,698
2000/08/31,698,700,695,695,16000,695
2000/09/01,692,693,665,680,83000,680
2000/09/04,680,680,675,680,20000,680
2000/09/05,675,675,660,660,31000,660
2000/09/06,659,665,635,665,61000,665
2000/09/07,635,655,635,640,26000,640
2000/09/08,650,655,645,645,22000,645
2000/09/11,645,650,625,628,50000,628
2000/09/12,628,628,610,615,59000,615
2000/09/13,610,615,605,615,88000,615
2000/09/14,605,609,600,604,99000,604
2000/09/18,600,600,570,570,59000,570
2000/09/19,560,570,551,570,117000,570
2000/09/20,575,620,574,620,100000,620
2000/09/21,620,628,600,608,81000,608
2000/09/22,611,620,590,591,78000,591
2000/09/25,641,641,610,610,28000,610
2000/09/26,617,617,600,604,20000,604
2000/09/27,599,599,576,585,23000,585
2000/09/28,600,632,593,632,42000,632
2000/09/29,610,620,600,600,59000,600
2000/10/02,600,612,600,610,19000,610
2000/10/03,596,620,595,620,22000,620
2000/10/04,601,610,595,604,58000,604
2000/10/05,610,615,610,611,19000,611
2000/10/06,600,610,600,610,40000,610
2000/10/10,600,607,600,603,24000,603
2000/10/11,605,605,595,595,53000,595
2000/10/12,590,600,587,587,60000,587
2000/10/13,570,570,550,563,71000,563
2000/10/16,600,600,577,577,26000,577
2000/10/17,570,582,563,563,24000,563
2000/10/18,562,562,550,550,78000,550
2000/10/19,545,545,530,533,44000,533
2000/10/20,539,552,520,534,157000,534
2000/10/23,533,534,520,520,60000,520
2000/10/24,520,520,502,502,102000,502
2000/10/25,501,501,475,480,109000,480
2000/10/26,470,470,450,453,139000,453
2000/10/27,460,470,436,438,136000,438
2000/10/30,413,413,365,380,159000,380
2000/10/31,370,385,351,385,338000,385
2000/11/01,401,430,400,423,241000,423
2000/11/02,420,424,414,424,120000,424
2000/11/06,449,504,444,504,105000,504
2000/11/07,504,513,475,475,148000,475
2000/11/08,475,480,465,480,45000,480
2000/11/09,485,485,466,466,38000,466
2000/11/10,465,466,450,457,71000,457
2000/11/13,450,455,445,447,115000,447
2000/11/14,447,462,447,450,30000,450
2000/11/15,480,485,468,468,36000,468
2000/11/16,463,470,463,466,31000,466
2000/11/17,460,460,445,449,136000,449
2000/11/20,446,460,446,451,7000,451
2000/11/21,434,448,430,448,30000,448
2000/11/22,447,447,426,430,44000,430
2000/11/24,410,430,410,411,63000,411
2000/11/27,448,450,415,415,70000,415
2000/11/28,441,441,438,439,19000,439
2000/11/29,441,441,435,435,10000,435
2000/11/30,435,435,420,421,37000,421
2000/12/01,408,449,408,448,83000,448
2000/12/04,448,455,441,449,43000,449
2000/12/05,459,460,451,451,11000,451
2000/12/06,466,480,465,466,50000,466
2000/12/07,466,470,457,457,30000,457
2000/12/08,457,457,441,443,81000,443
2000/12/11,443,449,440,441,48000,441
2000/12/12,445,446,440,440,106000,440
2000/12/13,440,450,440,450,55000,450
2000/12/14,448,448,436,440,52000,440
2000/12/15,435,435,424,424,16000,424
2000/12/18,424,424,410,410,30000,410
2000/12/19,410,415,400,405,85000,405
2000/12/20,396,400,382,386,48000,386
2000/12/21,380,380,351,355,98000,355
2000/12/22,370,395,367,393,76000,393
2000/12/25,396,400,390,398,40000,398
2000/12/26,413,413,395,405,27000,405
2000/12/27,398,399,380,380,22000,380
2000/12/28,381,394,380,390,39000,390
2000/12/29,389,389,380,380,16000,380
2001/01/04,380,393,376,376,16000,376
2001/01/05,370,374,360,371,34000,371
2001/01/09,361,361,350,355,32000,355
2001/01/10,360,360,348,348,76000,348
2001/01/11,350,350,324,325,45000,325
2001/01/12,325,330,319,322,78000,322
2001/01/15,325,330,320,325,102000,325
2001/01/16,335,355,335,350,63000,350
2001/01/17,385,420,385,398,211000,398
2001/01/18,400,430,400,420,109000,420
2001/01/19,426,460,426,460,170000,460
2001/01/22,460,460,429,434,101000,434
2001/01/23,434,435,430,430,51000,430
2001/01/24,449,453,441,450,112000,450
2001/01/25,450,481,450,481,172000,481
2001/01/26,481,490,481,483,175000,483
2001/01/29,484,489,483,485,54000,485
2001/01/30,485,485,452,457,102000,457
2001/01/31,459,460,457,457,54000,457
2001/02/01,460,463,460,463,45000,463
2001/02/02,465,475,465,471,27000,471
2001/02/05,471,471,450,455,61000,455
2001/02/06,460,464,455,464,37000,464
2001/02/07,464,465,460,461,69000,461
2001/02/08,465,465,460,463,71000,463
2001/02/09,463,485,463,483,94000,483
2001/02/13,487,504,487,500,71000,500
2001/02/14,500,500,481,481,61000,481
2001/02/15,483,490,481,490,24000,490
2001/02/16,491,500,490,499,62000,499
2001/02/19,500,500,495,500,87000,500
2001/02/20,500,500,495,500,44000,500
2001/02/21,495,495,475,478,31000,478
2001/02/22,465,470,462,462,15000,462
2001/02/23,470,480,470,480,18000,480
2001/02/26,500,500,487,497,43000,497
2001/02/27,497,497,480,480,62000,480
2001/02/28,480,480,455,460,47000,460
2001/03/01,470,470,456,460,147000,460
2001/03/02,460,461,450,450,42000,450
2001/03/05,450,450,420,420,63000,420
2001/03/06,420,430,420,425,77000,425
2001/03/07,450,455,440,442,112000,442
2001/03/08,442,450,432,432,39000,432
2001/03/09,432,440,432,440,26000,440
2001/03/12,440,456,438,438,69000,438
2001/03/13,435,435,415,415,50000,415
2001/03/14,422,425,415,416,34000,416
2001/03/15,415,415,398,410,51000,410
2001/03/16,415,435,410,425,56000,425
2001/03/19,433,443,433,436,41000,436
2001/03/21,441,460,431,460,50000,460
2001/03/22,453,458,445,447,76000,447
2001/03/23,446,460,444,460,36000,460
2001/03/26,495,524,481,520,261000,520
2001/03/27,550,550,511,511,141000,511
2001/03/28,541,541,520,535,52000,535
2001/03/29,505,529,505,515,36000,515
2001/03/30,530,530,500,502,60000,502
2001/04/02,480,500,480,500,18000,500
2001/04/03,500,530,500,530,31000,530
2001/04/04,501,524,501,520,36000,520
2001/04/05,530,530,523,530,102000,530
2001/04/06,548,553,530,537,218000,537
2001/04/09,517,520,506,516,37000,516
2001/04/10,520,530,501,517,49000,517
2001/04/11,537,537,521,530,38000,530
2001/04/12,530,530,520,520,8000,520
2001/04/13,529,530,506,506,21000,506
2001/04/16,509,510,508,508,9000,508
2001/04/17,509,510,507,508,10000,508
2001/04/18,508,525,508,525,19000,525
2001/04/19,550,550,534,535,134000,535
2001/04/20,535,535,527,535,39000,535
2001/04/23,535,545,527,545,83000,545
2001/04/24,545,545,525,542,71000,542
2001/04/25,547,550,547,550,101000,550
2001/04/26,560,570,560,570,108000,570
2001/04/27,570,579,551,559,137000,559
2001/05/01,552,580,540,575,66000,575
2001/05/02,590,590,569,580,74000,580
2001/05/07,585,590,575,585,55000,585
2001/05/08,585,590,573,580,87000,580
2001/05/09,574,580,570,576,47000,576
2001/05/10,570,585,563,585,30000,585
2001/05/11,585,585,576,576,26000,576
2001/05/14,547,560,546,560,14000,560
2001/05/15,542,550,540,550,12000,550
2001/05/16,565,570,560,560,17000,560
2001/05/17,570,570,550,550,30000,550
2001/05/18,569,569,553,555,15000,555
2001/05/21,565,570,560,570,28000,570
2001/05/22,571,580,571,571,24000,571
2001/05/23,581,581,571,571,40000,571
2001/05/24,570,571,565,570,93000,570
2001/05/25,570,570,553,553,9000,553
2001/05/28,554,554,529,529,14000,529
2001/05/29,529,529,521,523,25000,523
2001/05/30,523,530,514,514,24000,514
2001/05/31,514,520,514,514,15000,514
2001/06/01,514,521,514,520,17000,520
2001/06/04,520,540,520,520,12000,520
2001/06/05,520,520,515,520,15000,520
2001/06/06,522,522,521,522,10000,522
2001/06/07,530,530,522,522,43000,522
2001/06/08,530,531,525,530,9000,530
2001/06/11,546,546,540,545,16000,545
2001/06/12,545,545,522,523,45000,523
2001/06/13,533,533,523,525,14000,525
2001/06/14,526,526,525,525,20000,525
2001/06/15,516,516,511,511,35000,511
2001/06/18,511,518,510,518,20000,518
2001/06/19,518,520,510,510,21000,510
2001/06/20,515,520,510,515,16000,515
2001/06/21,515,523,500,517,17000,517
2001/06/22,534,543,532,538,28000,538
2001/06/25,546,550,540,550,47000,550
2001/06/26,569,569,552,568,45000,568
2001/06/27,569,569,560,564,16000,564
2001/06/28,563,563,545,546,20000,546
2001/06/29,547,550,532,545,41000,545
2001/07/02,545,545,540,540,16000,540
2001/07/03,560,560,545,546,32000,546
2001/07/04,546,550,545,546,11000,546
2001/07/05,546,546,540,541,25000,541
2001/07/06,535,545,535,545,41000,545
2001/07/09,495,517,495,517,46000,517
2001/07/10,517,517,506,509,19000,509
2001/07/11,499,500,499,500,32000,500
2001/07/12,498,501,496,501,27000,501
2001/07/13,541,541,513,515,26000,515
2001/07/16,511,521,511,511,14000,511
2001/07/17,510,510,510,510,9000,510
2001/07/18,510,510,490,496,43000,496
2001/07/19,497,497,490,495,39000,495
2001/07/23,485,500,485,492,37000,492
2001/07/24,489,496,486,495,21000,495
2001/07/25,500,520,483,512,19000,512
2001/07/26,510,510,501,509,27000,509
2001/07/27,508,508,501,501,16000,501
2001/07/30,506,506,490,496,22000,496
2001/07/31,481,490,481,490,13000,490
2001/08/01,497,502,495,495,87000,495
2001/08/02,482,506,482,506,9000,506
2001/08/03,509,510,507,510,40000,510
2001/08/06,499,501,490,501,12000,501
2001/08/07,495,500,490,496,5000,496
2001/08/08,481,492,481,492,15000,492
2001/08/09,482,483,480,480,7000,480
2001/08/10,480,480,470,470,5000,470
2001/08/13,440,455,440,455,9000,455
2001/08/14,455,460,440,460,12000,460
2001/08/15,461,461,460,461,4000,461
2001/08/16,460,460,458,458,3000,458
2001/08/17,459,459,452,455,6000,455
2001/08/20,450,451,450,451,7000,451
2001/08/21,450,450,450,450,4000,450
2001/08/22,470,480,460,480,15000,480
2001/08/23,481,481,472,472,6000,472
2001/08/24,472,475,470,470,7000,470
2001/08/27,471,471,471,471,4000,471
2001/08/28,480,499,475,475,16000,475
2001/08/29,475,475,460,460,13000,460
2001/08/30,460,460,440,445,44000,445
2001/08/31,440,440,435,435,17000,435
2001/09/03,436,436,420,420,24000,420
2001/09/04,423,427,423,423,26000,423
2001/09/05,425,451,423,430,6000,430
2001/09/06,420,420,420,420,12000,420
2001/09/07,415,420,411,420,11000,420
2001/09/10,415,418,415,416,26000,416
2001/09/11,435,435,435,435,4000,435
2001/09/12,397,402,392,392,53000,392
2001/09/13,380,380,352,362,36000,362
2001/09/14,370,386,370,386,67000,386
2001/09/17,390,390,351,352,6000,352
2001/09/18,355,380,355,370,12000,370
2001/09/19,379,379,355,355,32000,355
2001/09/20,360,389,360,361,6000,361
2001/09/21,371,371,355,360,21000,360
2001/09/25,395,395,370,370,6000,370
2001/09/26,380,380,360,380,12000,380
2001/09/27,380,390,379,390,10000,390
2001/09/28,388,388,380,382,16000,382
2001/10/01,382,382,382,382,5000,382
2001/10/02,384,386,383,385,15000,385
2001/10/03,391,395,390,390,7000,390
2001/10/04,391,391,391,391,4000,391
2001/10/05,402,415,401,415,22000,415
2001/10/09,410,419,410,415,27000,415
2001/10/10,415,420,411,411,30000,411
2001/10/11,425,425,416,416,2000,416
2001/10/12,416,416,415,415,12000,415
2001/10/15,416,425,411,420,8000,420
2001/10/16,426,426,400,405,14000,405
2001/10/17,406,408,405,405,7000,405
2001/10/18,397,397,395,395,7000,395
2001/10/19,390,398,390,398,4000,398
2001/10/22,395,395,395,395,1000,395
2001/10/23,399,400,396,400,6000,400
2001/10/24,400,400,396,397,15000,397
2001/10/25,417,417,397,410,9000,410
2001/10/26,429,429,420,420,9000,420
2001/10/29,411,411,400,400,7000,400
2001/10/30,394,394,386,390,6000,390
2001/10/31,386,386,386,386,2000,386
2001/11/01,387,387,386,386,3000,386
2001/11/02,390,396,390,391,6000,391
2001/11/05,393,400,393,396,14000,396
2001/11/06,395,400,395,397,12000,397
2001/11/07,400,406,399,402,29000,402
2001/11/08,402,407,401,407,45000,407
2001/11/09,410,411,410,411,54000,411
2001/11/12,408,410,399,400,58000,400
2001/11/13,399,399,390,397,31000,397
2001/11/14,388,388,388,388,5000,388
2001/11/15,390,392,388,390,31000,390
2001/11/16,390,393,386,389,37000,389
2001/11/19,389,400,389,395,28000,395
2001/11/20,395,395,393,393,12000,393
2001/11/21,405,413,405,411,93000,411
2001/11/22,416,416,405,405,10000,405
2001/11/26,405,405,405,405,1000,405
2001/11/27,400,400,390,400,12000,400
2001/11/28,400,410,400,401,54000,401
2001/11/29,401,410,401,404,23000,404
2001/11/30,400,404,400,400,81000,400
2001/12/03,405,405,405,405,31000,405
2001/12/04,405,407,405,407,56000,407
2001/12/05,405,405,400,400,25000,400
2001/12/06,401,405,401,405,33000,405
2001/12/07,406,410,404,410,17000,410
2001/12/10,420,430,415,430,59000,430
2001/12/11,423,425,420,425,23000,425
2001/12/12,426,430,425,430,64000,430
2001/12/13,431,435,430,435,43000,435
2001/12/14,429,435,428,435,341000,435
2001/12/17,427,434,427,434,36000,434
2001/12/18,409,410,395,395,45000,395
2001/12/19,383,390,383,390,28000,390
2001/12/20,390,391,385,390,68000,390
2001/12/21,390,391,381,384,55000,384
2001/12/25,390,395,390,390,52000,390
2001/12/26,391,395,390,395,29000,395
2001/12/27,385,400,385,400,47000,400
2001/12/28,400,400,400,400,3000,400
2002/01/04,405,406,405,406,5000,406
2002/01/07,406,410,402,410,25000,410
2002/01/08,410,410,402,410,71000,410
2002/01/09,410,415,410,415,47000,415
2002/01/10,415,415,415,415,18000,415
2002/01/11,390,405,390,405,96000,405
2002/01/15,390,390,385,390,47000,390
2002/01/16,390,395,390,395,28000,395
2002/01/17,390,395,385,385,38000,385
2002/01/18,386,395,385,385,49000,385
2002/01/21,385,390,385,387,9000,387
2002/01/22,390,390,385,385,10000,385
2002/01/23,385,385,380,380,23000,380
2002/01/24,380,380,379,379,10000,379
2002/01/25,380,390,380,390,18000,390
2002/01/28,388,388,387,387,7000,387
2002/01/29,387,387,367,370,7000,370
2002/01/30,341,345,341,342,14000,342
2002/01/31,342,345,337,337,51000,337
2002/02/01,337,337,315,315,26000,315
2002/02/04,316,316,315,316,19000,316
2002/02/05,317,320,315,320,25000,320
2002/02/06,320,343,320,330,9000,330
2002/02/07,331,333,330,333,20000,333
2002/02/08,334,340,333,340,14000,340
2002/02/12,365,370,361,370,11000,370
2002/02/13,369,380,365,380,8000,380
2002/02/14,375,380,375,377,13000,377
2002/02/15,377,377,365,365,9000,365
2002/02/18,365,365,345,360,31000,360
2002/02/19,360,365,360,365,10000,365
2002/02/20,365,395,365,394,13000,394
2002/02/21,389,390,389,390,3000,390
2002/02/22,389,389,374,374,8000,374
2002/02/25,390,398,385,385,33000,385
2002/02/26,395,398,392,395,55000,395
2002/02/27,395,398,395,395,23000,395
2002/02/28,397,405,397,405,4000,405
2002/03/01,405,410,404,410,26000,410
2002/03/04,410,438,410,438,48000,438
2002/03/05,461,465,444,465,34000,465
2002/03/06,450,450,450,450,7000,450
2002/03/07,468,485,468,485,43000,485
2002/03/08,485,490,485,490,23000,490
2002/03/11,488,510,488,510,41000,510
2002/03/12,512,520,500,500,37000,500
2002/03/13,505,508,500,500,16000,500
2002/03/14,500,500,500,500,40000,500
2002/03/15,500,508,500,502,43000,502
2002/03/18,508,510,505,510,17000,510
2002/03/19,510,510,502,505,134000,505
2002/03/20,512,512,505,505,10000,505
2002/03/22,514,514,500,500,16000,500
2002/03/25,505,510,500,502,14000,502
2002/03/26,500,510,500,510,23000,510
2002/03/27,500,511,500,510,16000,510
2002/03/29,500,500,500,500,10000,500
2002/04/01,500,505,500,505,10000,505
2002/04/02,505,505,468,468,66000,468
2002/04/03,461,465,451,465,99000,465
2002/04/04,464,465,464,465,3000,465
2002/04/05,466,466,466,466,1000,466
2002/04/08,470,470,470,470,2000,470
2002/04/09,460,470,460,470,4000,470
2002/04/10,470,470,470,470,2000,470
2002/04/11,471,471,470,471,9000,471
2002/04/12,469,470,469,470,12000,470
2002/04/15,471,471,470,470,10000,470
2002/04/16,470,471,470,471,44000,471
2002/04/17,473,479,471,471,11000,471
2002/04/18,480,500,480,496,15000,496
2002/04/19,491,491,489,490,10000,490
2002/04/22,490,490,477,477,7000,477
2002/04/23,472,485,472,485,6000,485
2002/04/24,483,483,478,478,11000,478
2002/04/25,500,500,483,483,14000,483
2002/04/26,500,500,490,490,5000,490
2002/04/30,495,500,495,495,5000,495
2002/05/01,501,501,500,500,7000,500
2002/05/02,500,500,500,500,12000,500
2002/05/07,512,512,500,510,14000,510
2002/05/08,500,500,496,496,4000,496
2002/05/09,500,500,499,500,6000,500
2002/05/10,500,500,495,495,11000,495
2002/05/13,498,498,490,490,6000,490
2002/05/15,490,490,490,490,3000,490
2002/05/16,490,490,465,490,12000,490
2002/05/17,500,500,490,490,4000,490
2002/05/20,491,510,491,510,38000,510
2002/05/21,508,510,500,510,19000,510
2002/05/22,510,513,503,510,22000,510
2002/05/23,511,541,511,530,32000,530
2002/05/24,539,539,520,520,18000,520
2002/05/27,530,535,530,535,4000,535
2002/05/28,535,535,515,515,3000,515
2002/05/29,515,515,515,515,3000,515
2002/05/30,514,515,514,515,56000,515
2002/05/31,512,512,512,512,1000,512
2002/06/03,514,514,514,514,6000,514
2002/06/04,515,518,513,513,10000,513
2002/06/05,513,513,508,508,5000,508
2002/06/06,508,508,508,508,5000,508
2002/06/07,508,508,508,508,3000,508
2002/06/10,520,520,520,520,18000,520
2002/06/11,519,520,519,520,5000,520
2002/06/12,520,520,520,520,3000,520
2002/06/13,514,514,514,514,2000,514
2002/06/14,500,500,500,500,2000,500
2002/06/17,495,495,490,490,14000,490
2002/06/18,491,499,491,495,22000,495
2002/06/19,494,494,443,450,9000,450
2002/06/20,440,456,430,456,18000,456
2002/06/24,454,454,450,450,8000,450
2002/06/25,460,460,456,460,11000,460
2002/06/26,460,460,460,460,2000,460
2002/06/27,459,459,450,450,5000,450
2002/06/28,453,453,453,453,16000,453
2002/07/01,453,453,453,453,3000,453
2002/07/02,452,452,430,430,9000,430
2002/07/03,430,440,430,440,8000,440
2002/07/04,450,451,450,451,4000,451
2002/07/05,465,480,455,455,22000,455
2002/07/08,455,455,450,450,6000,450
2002/07/09,450,450,440,440,4000,440
2002/07/10,440,440,438,438,5000,438
2002/07/11,439,439,435,435,4000,435
2002/07/12,450,450,450,450,3000,450
2002/07/15,450,450,440,441,6000,441
2002/07/16,449,449,444,444,4000,444
2002/07/17,445,445,435,435,7000,435
2002/07/18,450,450,450,450,4000,450
2002/07/19,450,450,440,440,5000,440
2002/07/22,435,435,430,433,8000,433
2002/07/23,434,434,434,434,2000,434
2002/07/24,440,450,440,440,10000,440
2002/07/25,466,466,465,465,16000,465
2002/07/26,460,460,432,432,9000,432
2002/07/29,432,432,422,422,5000,422
2002/07/30,436,436,436,436,3000,436
2002/07/31,440,440,440,440,3000,440
2002/08/01,445,445,440,440,8000,440
2002/08/02,440,440,430,430,5000,430
2002/08/05,429,430,429,430,6000,430
2002/08/06,429,429,393,393,4000,393
2002/08/07,400,400,400,400,4000,400
2002/08/08,400,400,400,400,1000,400
2002/08/09,400,400,400,400,9000,400
2002/08/12,400,400,399,399,11000,399
2002/08/13,399,400,395,398,5000,398
2002/08/14,398,398,360,365,16000,365
2002/08/15,380,380,379,379,77000,379
2002/08/16,365,365,361,361,13000,361
2002/08/19,363,367,363,367,13000,367
2002/08/20,352,355,352,352,7000,352
2002/08/21,353,358,352,355,34000,355
2002/08/22,355,355,350,352,18000,352
2002/08/23,358,361,353,353,21000,353
2002/08/26,353,358,353,358,17000,358
2002/08/27,358,359,358,359,11000,359
2002/08/28,358,358,353,353,6000,353
2002/08/29,353,353,350,350,9000,350
2002/08/30,350,350,350,350,10000,350
2002/09/02,351,351,349,349,8000,349
2002/09/03,349,349,324,324,14000,324
2002/09/04,320,320,315,315,16000,315
2002/09/05,320,320,318,318,13000,318
2002/09/06,323,325,320,325,8000,325
2002/09/09,335,336,335,336,2000,336
2002/09/10,337,350,337,350,8000,350
2002/09/11,350,350,350,350,3000,350
2002/09/12,350,350,341,347,14000,347
2002/09/13,346,346,341,343,11000,343
2002/09/17,346,348,345,348,32000,348
2002/09/18,344,344,335,335,20000,335
2002/09/19,340,348,340,344,22000,344
2002/09/20,340,340,315,325,13000,325
2002/09/24,325,325,320,320,6000,320
2002/09/25,320,335,320,325,19000,325
2002/09/26,338,340,336,340,4000,340
2002/09/27,339,340,339,340,11000,340
2002/09/30,335,335,331,331,30000,331
2002/10/01,321,326,320,320,13000,320
2002/10/02,318,318,316,317,14000,317
2002/10/03,310,310,294,294,18000,294
2002/10/04,304,304,299,301,13000,301
2002/10/07,298,298,280,297,15000,297
2002/10/08,294,294,283,283,6000,283
2002/10/09,291,291,283,283,4000,283
2002/10/10,280,281,256,260,28000,260
2002/10/11,281,281,270,277,22000,277
2002/10/15,277,285,275,285,37000,285
2002/10/16,285,290,285,285,18000,285
2002/10/17,275,284,275,284,14000,284
2002/10/18,285,303,284,284,14000,284
2002/10/21,309,309,296,296,13000,296
2002/10/22,306,306,296,300,7000,300
2002/10/23,290,297,286,297,14000,297
2002/10/24,281,281,275,279,11000,279
2002/10/25,278,296,278,278,45000,278
2002/10/28,278,281,278,278,31000,278
2002/10/29,279,287,279,283,31000,283
2002/10/30,283,283,283,283,7000,283
2002/10/31,283,283,275,283,10000,283
2002/11/01,282,282,280,280,8000,280
2002/11/05,280,283,278,278,10000,278
2002/11/06,278,281,270,276,34000,276
2002/11/07,276,276,274,274,6000,274
2002/11/08,272,272,246,246,11000,246
2002/11/11,247,249,245,245,15000,245
2002/11/12,243,243,231,231,13000,231
2002/11/13,231,236,220,229,22000,229
2002/11/14,229,229,228,228,16000,228
2002/11/15,219,227,218,221,14000,221
2002/11/18,221,223,215,215,13000,215
2002/11/19,215,215,205,206,28000,206
2002/11/20,204,218,204,215,18000,215
2002/11/21,235,236,228,231,82000,231
2002/11/22,236,236,220,225,29000,225
2002/11/25,230,230,226,228,38000,228
2002/11/26,228,230,228,229,15000,229
2002/11/27,228,228,220,226,40000,226
2002/11/28,230,230,226,226,95000,226
2002/11/29,230,232,229,230,105000,230
2002/12/02,230,233,224,225,138000,225
2002/12/03,230,235,225,230,55000,230
2002/12/04,229,230,226,230,22000,230
2002/12/05,229,229,227,229,17000,229
2002/12/06,229,229,224,224,28000,224
2002/12/09,224,224,222,222,18000,222
2002/12/10,220,220,211,219,12000,219
2002/12/11,220,220,218,220,76000,220
2002/12/12,230,230,220,225,45000,225
2002/12/13,225,225,223,225,50000,225
2002/12/16,224,224,215,215,21000,215
2002/12/17,216,220,216,216,27000,216
2002/12/18,196,200,190,193,89000,193
2002/12/19,193,197,190,197,26000,197
2002/12/20,192,196,192,196,74000,196
2002/12/24,195,203,190,203,61000,203
2002/12/25,209,209,195,195,70000,195
2002/12/26,195,200,195,200,16000,200
2002/12/27,199,200,199,199,28000,199
2002/12/30,200,203,200,200,68000,200
2003/01/06,200,200,200,200,32000,200
2003/01/07,205,205,200,200,59000,200
2003/01/08,200,200,200,200,31000,200
2003/01/09,196,196,195,195,14000,195
2003/01/10,195,195,193,193,22000,193
2003/01/14,200,200,195,196,36000,196
2003/01/15,200,200,200,200,10000,200
2003/01/16,201,210,200,202,27000,202
2003/01/17,209,235,209,235,11000,235
2003/01/20,233,235,230,235,21000,235
2003/01/21,225,230,225,228,13000,228
2003/01/22,230,238,230,238,9000,238
2003/01/23,238,240,233,240,13000,240
2003/01/24,250,270,245,270,39000,270
2003/01/27,271,271,260,268,79000,268
2003/01/28,248,253,248,249,25000,249
2003/01/29,241,242,231,231,21000,231
2003/01/30,231,238,231,238,11000,238
2003/01/31,238,238,228,231,9000,231
2003/02/03,231,236,231,235,12000,235
2003/02/04,260,273,250,265,61000,265
2003/02/05,264,273,264,273,23000,273
2003/02/06,270,272,265,265,11000,265
2003/02/07,250,250,245,245,3000,245
2003/02/10,246,250,240,250,10000,250
2003/02/12,255,255,245,255,22000,255
2003/02/13,260,268,258,258,14000,258
2003/02/14,268,270,265,270,14000,270
2003/02/17,270,285,270,280,23000,280
2003/02/18,280,280,280,280,15000,280
2003/02/19,282,282,280,280,10000,280
2003/02/20,284,285,275,285,21000,285
2003/02/21,285,285,280,280,21000,280
2003/02/24,278,278,271,271,7000,271
2003/02/25,271,271,267,267,34000,267
2003/02/26,267,275,261,261,27000,261
2003/02/27,261,262,258,261,15000,261
2003/02/28,259,261,254,261,11000,261
2003/03/03,261,285,261,285,15000,285
2003/03/04,257,266,257,262,23000,262
2003/03/05,262,262,256,260,14000,260
2003/03/06,260,260,254,254,8000,254
2003/03/07,257,257,256,257,28000,257
2003/03/10,252,252,238,246,32000,246
2003/03/11,245,246,232,232,36000,232
2003/03/12,234,240,233,233,16000,233
2003/03/13,233,233,232,233,19000,233
2003/03/14,233,235,232,232,34000,232
2003/03/17,232,232,211,211,26000,211
2003/03/18,230,233,230,230,11000,230
2003/03/19,228,228,215,220,27000,220
2003/03/20,220,225,220,220,82000,220
2003/03/24,229,233,228,230,90000,230
2003/03/25,225,230,225,228,98000,228
2003/03/26,227,228,226,226,111000,226
2003/03/27,227,227,225,225,79000,225
2003/03/28,225,225,224,224,38000,224
2003/03/31,220,220,215,215,14000,215
2003/04/01,213,213,210,211,26000,211
2003/04/02,211,211,205,205,54000,205
2003/04/03,206,208,200,200,86000,200
2003/04/04,200,205,200,205,79000,205
2003/04/07,205,205,197,198,123000,198
2003/04/08,198,198,191,191,204000,191
2003/04/09,190,193,187,189,261000,189
2003/04/10,189,189,179,183,191000,183
2003/04/11,183,183,178,178,123000,178
2003/04/14,178,185,178,183,84000,183
2003/04/15,184,190,184,186,94000,186
2003/04/16,190,196,190,190,79000,190
2003/04/17,191,195,186,188,106000,188
2003/04/18,188,190,186,190,155000,190
2003/04/21,191,192,189,190,235000,190
2003/04/22,191,191,189,190,231000,190
2003/04/23,190,191,186,186,172000,186
2003/04/24,186,188,183,183,183000,183
2003/04/25,183,184,174,174,126000,174
2003/04/28,170,170,167,168,115000,168
2003/04/30,173,177,168,175,83000,175
2003/05/01,178,185,177,185,56000,185
2003/05/02,188,189,185,189,50000,189
2003/05/06,192,197,191,196,77000,196
2003/05/07,203,210,202,207,161000,207
2003/05/08,210,210,208,209,53000,209
2003/05/09,212,229,212,228,87000,228
2003/05/12,233,235,228,228,52000,228
2003/05/13,232,234,225,225,45000,225
2003/05/14,225,225,220,221,15000,221
2003/05/15,219,219,200,206,103000,206
2003/05/16,207,220,207,220,35000,220
2003/05/19,220,221,217,221,66000,221
2003/05/20,219,222,215,222,28000,222
2003/05/21,223,230,222,222,81000,222
2003/05/22,224,224,214,217,49000,217
2003/05/23,217,217,212,216,90000,216
2003/05/26,220,220,216,217,16000,217
2003/05/27,218,218,214,214,47000,214
2003/05/28,224,233,220,229,141000,229
2003/05/29,231,235,231,235,71000,235
2003/05/30,234,238,233,235,73000,235
2003/06/02,237,253,237,253,70000,253
2003/06/03,260,289,260,288,141000,288
2003/06/04,288,288,276,285,118000,285
2003/06/05,283,294,282,290,68000,290
2003/06/06,291,300,287,297,139000,297
2003/06/09,307,322,305,322,82000,322
2003/06/10,317,319,310,319,49000,319
2003/06/11,327,337,325,325,84000,325
2003/06/12,330,330,322,325,61000,325
2003/06/13,325,328,318,318,104000,318
2003/06/16,308,310,304,304,89000,304
2003/06/17,313,320,313,317,76000,317
2003/06/18,327,332,321,322,26000,322
2003/06/19,317,322,307,317,23000,317
2003/06/20,311,319,310,319,13000,319
2003/06/23,325,329,324,325,42000,325
2003/06/24,324,324,315,315,14000,315
2003/06/25,315,320,315,315,42000,315
2003/06/26,317,333,316,333,51000,333
2003/06/27,336,354,334,354,45000,354
2003/06/30,344,364,344,364,35000,364
2003/07/01,365,414,365,400,74000,400
2003/07/02,440,444,430,435,153000,435
2003/07/03,450,475,425,425,178000,425
2003/07/04,400,430,400,430,84000,430
2003/07/07,425,447,420,445,115000,445
2003/07/08,460,465,445,445,123000,445
2003/07/09,418,435,415,425,52000,425
2003/07/10,425,425,400,408,84000,408
2003/07/11,388,398,386,391,48000,391
2003/07/14,394,409,394,400,42000,400
2003/07/15,401,414,401,410,58000,410
2003/07/16,407,407,395,405,49000,405
2003/07/17,392,395,389,392,34000,392
2003/07/18,372,390,372,390,54000,390
2003/07/22,387,387,385,385,9000,385
2003/07/23,380,400,380,399,42000,399
2003/07/24,399,415,399,415,45000,415
2003/07/25,411,420,407,420,59000,420
2003/07/28,425,435,420,430,59000,430
2003/07/29,430,430,425,425,20000,425
2003/07/30,425,430,420,420,59000,420
2003/07/31,423,428,419,428,36000,428
2003/08/01,430,438,423,433,77000,433
2003/08/04,430,430,420,420,34000,420
2003/08/05,420,420,411,414,26000,414
2003/08/06,412,412,400,401,30000,401
2003/08/07,402,417,400,400,44000,400
2003/08/08,413,413,405,405,29000,405
2003/08/11,405,410,403,405,19000,405
2003/08/12,407,419,407,419,24000,419
2003/08/13,420,429,420,425,37000,425
2003/08/14,430,430,425,430,37000,430
2003/08/15,435,435,426,434,53000,434
2003/08/18,434,437,434,435,19000,435
2003/08/19,445,448,440,440,93000,440
2003/08/20,440,440,435,440,32000,440
2003/08/21,437,441,435,440,42000,440
2003/08/22,440,445,432,440,55000,440
2003/08/25,440,440,432,432,38000,432
2003/08/26,432,432,430,430,19000,430
2003/08/27,438,439,435,436,23000,436
2003/08/28,440,445,431,434,56000,434
2003/08/29,434,434,425,425,35000,425
2003/09/01,430,438,425,431,88000,431
2003/09/02,436,439,428,436,339000,436
2003/09/03,441,450,435,437,151000,437
2003/09/04,442,442,431,431,68000,431
2003/09/05,431,431,418,424,26000,424
2003/09/08,424,424,417,417,43000,417
2003/09/09,423,425,419,421,56000,421
2003/09/10,424,436,424,428,45000,428
2003/09/11,428,433,426,430,55000,430
2003/09/12,431,436,430,435,27000,435
2003/09/16,435,450,435,446,75000,446
2003/09/17,450,465,450,455,180000,455
2003/09/18,451,451,445,449,81000,449
2003/09/19,459,475,452,452,64000,452
2003/09/22,450,450,431,432,29000,432
2003/09/24,433,445,426,445,80000,445
2003/09/25,411,430,411,420,90000,420
2003/09/26,418,430,415,430,42000,430
2003/09/29,435,435,430,430,14000,430
2003/09/30,429,430,427,429,28000,429
2003/10/01,425,428,420,427,29000,427
2003/10/02,436,462,436,459,64000,459
2003/10/03,459,459,444,455,39000,455
2003/10/06,465,465,456,460,54000,460
2003/10/07,466,467,451,453,51000,453
2003/10/08,460,466,455,455,90000,455
2003/10/09,457,457,450,450,31000,450
2003/10/10,456,465,450,460,46000,460
2003/10/14,500,508,485,508,192000,508
2003/10/15,533,550,520,548,210000,548
2003/10/16,568,624,564,613,263000,613
2003/10/17,628,646,625,634,332000,634
2003/10/20,611,734,611,694,613000,694
2003/10/21,707,713,627,640,333000,640
2003/10/22,620,630,588,600,152000,600
2003/10/23,550,592,535,536,161000,536
2003/10/24,551,606,546,586,250000,586
2003/10/27,586,605,586,601,109000,601
2003/10/28,601,605,592,605,99000,605
2003/10/29,600,618,593,600,210000,600
2003/10/30,576,577,560,569,130000,569
2003/10/31,563,563,540,545,87000,545
2003/11/04,573,573,491,492,283000,492
2003/11/05,502,529,480,517,897000,517
2003/11/06,520,524,510,524,190000,524
2003/11/07,520,530,519,530,160000,530
2003/11/10,520,525,505,505,31000,505
2003/11/11,490,490,454,467,156000,467
2003/11/12,470,496,470,482,104000,482
2003/11/13,497,505,491,491,64000,491
2003/11/14,491,501,491,496,62000,496
2003/11/17,480,480,435,436,135000,436
2003/11/18,416,450,416,450,110000,450
2003/11/19,446,455,438,448,84000,448
2003/11/20,449,458,436,454,96000,454
2003/11/21,448,460,442,450,147000,450
2003/11/25,479,490,476,483,49000,483
2003/11/26,490,504,490,504,78000,504
2003/11/27,507,509,495,509,87000,509
2003/11/28,491,498,488,490,66000,490
2003/12/01,480,500,475,498,67000,498
2003/12/02,513,513,500,500,40000,500
2003/12/03,501,501,492,495,31000,495
2003/12/04,490,497,490,497,24000,497
2003/12/05,497,497,485,486,35000,486
2003/12/08,481,485,470,470,52000,470
2003/12/09,479,482,450,450,78000,450
2003/12/10,454,454,420,425,103000,425
2003/12/11,426,432,423,430,65000,430
2003/12/12,440,441,431,437,46000,437
2003/12/15,438,460,438,460,122000,460
2003/12/16,455,465,446,465,59000,465
2003/12/17,466,470,466,470,60000,470
2003/12/18,450,455,442,442,33000,442
2003/12/19,447,448,440,444,66000,444
2003/12/22,445,445,444,444,20000,444
2003/12/24,444,444,435,435,25000,435
2003/12/25,429,447,429,443,40000,443
2003/12/26,438,445,436,445,26000,445
2003/12/29,453,474,453,474,24000,474
2003/12/30,484,496,483,493,41000,493
2004/01/05,510,510,500,500,27000,500
2004/01/06,510,515,505,508,79000,508
2004/01/07,508,512,508,512,39000,512
2004/01/08,512,535,509,535,140000,535
2004/01/09,541,543,530,534,40000,534
2004/01/13,564,578,558,578,310000,578
2004/01/14,568,580,560,580,178000,580
2004/01/15,590,593,574,574,123000,574
2004/01/16,564,575,564,565,35000,565
2004/01/19,565,594,565,594,135000,594
2004/01/20,596,596,580,583,159000,583
2004/01/21,579,583,574,579,63000,579
2004/01/22,575,580,565,565,115000,565
2004/01/23,570,589,569,585,89000,585
2004/01/26,590,591,573,575,75000,575
2004/01/27,578,589,575,576,49000,576
2004/01/28,571,576,565,576,110000,576
2004/01/29,570,575,560,575,97000,575
2004/01/30,569,569,565,568,52000,568
2004/02/02,560,565,553,553,42000,553
2004/02/03,535,550,525,540,61000,540
2004/02/04,535,548,532,534,93000,534
2004/02/05,525,540,525,540,69000,540
2004/02/06,533,541,533,537,57000,537
2004/02/09,536,558,536,543,34000,543
2004/02/10,542,542,530,531,22000,531
2004/02/12,542,549,540,541,18000,541
2004/02/13,551,557,542,555,34000,555
2004/02/16,555,557,553,553,21000,553
2004/02/17,553,555,540,544,31000,544
2004/02/18,558,558,549,550,46000,550
2004/02/19,551,554,545,550,46000,550
2004/02/20,630,640,605,605,746000,605
2004/02/23,608,630,608,614,285000,614
2004/02/24,615,617,596,597,319000,597
2004/02/25,595,603,594,602,107000,602
2004/02/26,603,609,600,603,79000,603
2004/02/27,605,614,601,610,130000,610
2004/03/01,620,635,620,628,273000,628
2004/03/02,643,650,641,649,349000,649
2004/03/03,643,670,643,666,258000,666
2004/03/04,662,683,662,675,247000,675
2004/03/05,678,695,654,692,315000,692
2004/03/08,692,707,692,700,306000,700
2004/03/09,680,699,680,699,224000,699
2004/03/10,700,760,700,744,549000,744
2004/03/11,720,745,717,739,429000,739
2004/03/12,730,745,723,745,205000,745
2004/03/15,771,812,771,811,589000,811
2004/03/16,801,848,801,806,698000,806
2004/03/17,825,838,811,813,499000,813
2004/03/18,818,830,772,774,610000,774
2004/03/19,767,798,764,780,345000,780
2004/03/22,780,794,780,787,257000,787
2004/03/23,770,784,768,780,276000,780
2004/03/24,777,789,776,787,333000,787
2004/03/25,803,810,793,808,680000,808
2004/03/26,800,809,786,786,365000,786
2004/03/29,770,782,750,762,252000,762
2004/03/30,762,762,725,740,269000,740
2004/03/31,729,735,716,730,420000,730
2004/04/01,744,754,741,750,203000,750
2004/04/02,740,770,739,765,308000,765
2004/04/05,795,865,785,865,1517000,865
2004/04/06,935,965,876,965,2380000,965
2004/04/07,925,943,912,928,1199000,928
2004/04/08,908,915,886,895,542000,895
2004/04/09,865,884,862,871,481000,871
2004/04/12,875,893,875,889,300000,889
2004/04/13,909,989,901,989,788000,989
2004/04/14,959,1028,953,954,1878000,954
2004/04/15,984,998,921,960,548000,960
2004/04/16,957,961,938,953,205000,953
2004/04/19,949,949,853,870,1451000,870
2004/04/20,880,889,856,885,513000,885
2004/04/21,887,909,874,891,416000,891
2004/04/22,921,921,876,876,431000,876
2004/04/23,896,940,881,885,740000,885
2004/04/26,905,905,872,872,304000,872
2004/04/27,852,871,852,866,504000,866
2004/04/28,866,866,859,861,255000,861
2004/04/30,835,842,830,830,391000,830
2004/05/06,832,841,780,785,554000,785
2004/05/07,760,760,724,728,1422000,728
2004/05/10,708,719,628,628,1466000,628
2004/05/11,618,689,618,658,1285000,658
2004/05/12,697,725,690,720,603000,720
2004/05/13,700,703,680,681,369000,681
2004/05/14,681,705,658,675,185000,675
2004/05/17,655,655,588,600,584000,600
2004/05/18,600,642,600,642,227000,642
2004/05/19,659,697,650,679,328000,679
2004/05/20,689,700,678,683,261000,683
2004/05/21,693,702,685,698,149000,698
2004/05/24,720,728,711,720,209000,720
2004/05/25,730,730,715,724,172000,724
2004/05/26,730,750,726,748,393000,748
2004/05/27,750,750,731,742,173000,742
2004/05/28,743,788,743,788,577000,788
2004/05/31,770,775,755,761,269000,761
2004/06/01,756,784,756,784,140000,784
2004/06/02,789,789,771,776,133000,776
2004/06/03,780,782,752,752,178000,752
2004/06/04,742,744,715,735,135000,735
2004/06/07,740,768,740,768,161000,768
2004/06/08,794,794,776,786,293000,786
2004/06/09,787,789,770,788,303000,788
2004/06/10,780,785,775,780,390000,780
2004/06/11,780,785,775,783,154000,783
2004/06/14,787,788,780,780,67000,780
2004/06/15,771,773,770,771,63000,771
2004/06/16,780,780,773,779,128000,779
2004/06/17,781,785,780,785,88000,785
2004/06/18,788,788,777,784,120000,784
2004/06/21,785,788,784,786,144000,786
2004/06/22,788,788,780,785,154000,785
2004/06/23,787,787,780,780,265000,780
2004/06/24,775,785,772,785,137000,785
2004/06/25,790,828,775,828,434000,828
2004/06/28,854,900,844,895,700000,895
2004/06/29,900,908,873,906,414000,906
2004/06/30,900,905,890,904,192000,904
2004/07/01,905,942,905,933,1055000,933
2004/07/02,900,946,888,919,451000,919
2004/07/05,899,905,882,886,368000,886
2004/07/06,866,886,850,850,242000,850
2004/07/07,810,835,810,830,288000,830
2004/07/08,830,857,823,825,322000,825
2004/07/09,825,876,825,871,280000,871
2004/07/12,880,906,880,882,268000,882
2004/07/13,872,882,858,860,125000,860
2004/07/14,880,885,854,854,154000,854
2004/07/15,860,865,845,849,216000,849
2004/07/16,830,838,823,827,183000,827
2004/07/20,820,820,808,808,144000,808
2004/07/21,815,818,810,815,84000,815
2004/07/22,810,833,809,833,164000,833
2004/07/23,853,896,843,894,866000,894
2004/07/26,889,920,880,909,1165000,909
2004/07/27,896,908,867,867,242000,867
2004/07/28,867,885,867,872,137000,872
2004/07/29,872,895,871,885,338000,885
2004/07/30,882,910,882,899,286000,899
2004/08/02,899,900,890,898,94000,898
2004/08/03,899,899,875,875,138000,875
2004/08/04,865,865,787,831,546000,831
2004/08/05,831,833,795,799,208000,799
2004/08/06,789,816,781,805,155000,805
2004/08/09,770,804,770,804,130000,804
2004/08/10,814,834,814,832,110000,832
2004/08/11,846,856,840,856,178000,856
2004/08/12,849,858,845,857,81000,857
2004/08/13,837,838,804,811,174000,811
2004/08/16,821,821,795,816,42000,816
2004/08/17,811,829,805,808,93000,808
2004/08/18,801,806,799,806,57000,806
2004/08/19,810,822,809,816,97000,816
2004/08/20,807,820,806,816,40000,816
2004/08/23,820,833,813,833,69000,833
2004/08/24,823,830,822,830,29000,830
2004/08/25,825,833,823,832,57000,832
2004/08/26,848,849,837,838,66000,838
2004/08/27,838,842,834,839,20000,839
2004/08/30,845,845,835,843,34000,843
2004/08/31,841,841,830,830,41000,830
2004/09/01,847,862,845,860,254000,860
2004/09/02,861,869,847,849,87000,849
2004/09/03,852,854,844,846,50000,846
2004/09/06,848,858,846,852,42000,852
2004/09/07,858,863,850,853,91000,853
2004/09/08,858,866,857,862,189000,862
2004/09/09,862,862,854,854,42000,854
2004/09/10,852,852,815,824,265000,824
2004/09/13,830,835,827,835,81000,835
2004/09/14,845,845,834,835,120000,835
2004/09/15,837,848,833,848,99000,848
2004/09/16,838,843,830,840,54000,840
2004/09/17,835,840,832,836,51000,836
2004/09/21,846,850,836,850,87000,850
2004/09/22,850,860,847,856,226000,856
2004/09/24,850,854,840,850,298000,850
2004/09/27,838,838,787,796,272000,796
2004/09/28,780,788,772,785,177000,785
2004/09/29,804,804,789,791,95000,791
2004/09/30,792,833,792,831,116000,831
2004/10/01,830,837,825,831,139000,831
2004/10/04,843,845,835,835,213000,835
2004/10/05,835,849,830,849,276000,849
2004/10/06,839,855,839,853,204000,853
2004/10/07,850,859,850,859,125000,859
2004/10/08,849,858,848,857,72000,857
2004/10/12,854,854,840,845,56000,845
2004/10/13,843,845,835,835,93000,835
2004/10/14,815,824,797,798,170000,798
2004/10/15,788,830,785,813,130000,813
2004/10/18,805,815,790,799,255000,799
2004/10/19,800,801,791,797,168000,797
2004/10/20,788,790,777,782,132000,782
2004/10/21,786,802,785,800,454000,800
2004/10/22,800,809,790,795,270000,795
2004/10/25,785,810,784,810,183000,810
2004/10/26,805,806,800,805,205000,805
2004/10/27,805,805,791,791,104000,791
2004/10/28,794,804,794,804,57000,804
2004/10/29,801,801,789,796,78000,796
2004/11/01,800,802,789,800,71000,800
2004/11/02,799,800,795,799,41000,799
2004/11/04,803,814,803,807,126000,807
2004/11/05,816,819,808,816,186000,816
2004/11/08,832,832,816,825,102000,825
2004/11/09,820,827,818,827,93000,827
2004/11/10,824,826,817,826,101000,826
2004/11/11,824,826,817,821,59000,821
2004/11/12,819,827,817,825,55000,825
2004/11/15,830,869,829,869,397000,869
2004/11/16,869,869,855,865,184000,865
2004/11/17,864,885,858,885,241000,885
2004/11/18,885,888,875,881,122000,881
2004/11/19,877,881,873,877,161000,877
2004/11/22,869,869,857,860,240000,860
2004/11/24,850,865,850,857,114000,857
2004/11/25,854,859,853,855,58000,855
2004/11/26,855,873,855,866,83000,866
2004/11/29,866,879,860,879,83000,879
2004/11/30,879,888,875,887,142000,887
2004/12/01,877,878,869,874,418000,874
2004/12/02,884,888,881,887,192000,887
2004/12/03,890,890,876,879,80000,879
2004/12/06,879,880,875,877,51000,877
2004/12/07,881,883,878,879,83000,879
2004/12/08,875,883,861,875,270000,875
2004/12/09,880,880,868,873,96000,873
2004/12/10,874,882,870,880,131000,880
2004/12/13,882,884,878,880,140000,880
2004/12/14,874,880,871,880,87000,880
2004/12/15,879,882,877,879,82000,879
2004/12/16,877,879,874,875,159000,875
2004/12/17,876,885,871,880,110000,880
2004/12/20,879,879,873,879,39000,879
2004/12/21,879,881,879,879,65000,879
2004/12/22,885,885,877,885,390000,885
2004/12/24,886,890,883,890,214000,890
2004/12/27,895,935,895,934,437000,934
2004/12/28,922,934,916,931,195000,931
2004/12/29,938,969,938,965,353000,965
2004/12/30,963,963,947,953,79000,953
2005/01/04,954,970,953,969,184000,969
2005/01/05,969,991,960,990,263000,990
2005/01/06,975,989,975,982,339000,982
2005/01/07,979,991,977,984,269000,984
2005/01/11,985,1002,983,998,204000,998
2005/01/12,996,1000,987,991,241000,991
2005/01/13,990,997,990,990,138000,990
2005/01/14,980,994,979,981,259000,981
2005/01/17,982,1001,982,995,218000,995
2005/01/18,995,1012,995,1001,271000,1001
2005/01/19,1015,1015,1006,1008,102000,1008
2005/01/20,999,1010,998,1008,124000,1008
2005/01/21,997,1004,995,995,69000,995
2005/01/24,975,999,970,993,70000,993
2005/01/25,993,997,984,986,374000,986
2005/01/26,982,997,967,971,256000,971
2005/01/27,962,971,927,938,382000,938
2005/01/28,933,953,932,951,197000,951
2005/01/31,961,965,952,957,145000,957
2005/02/01,956,970,956,961,337000,961
2005/02/02,969,1005,966,999,476000,999
2005/02/03,1009,1020,1000,1005,368000,1005
2005/02/04,1007,1015,1003,1007,154000,1007
2005/02/07,1020,1100,1016,1090,688000,1090
2005/02/08,1070,1110,1065,1076,573000,1076
2005/02/09,1056,1162,1056,1122,398000,1122
2005/02/10,1122,1160,1122,1149,307000,1149
2005/02/14,1129,1189,1129,1175,444000,1175
2005/02/15,1155,1175,1085,1104,435000,1104
2005/02/16,1091,1105,1061,1094,173000,1094
2005/02/17,1074,1100,1060,1070,155000,1070
2005/02/18,1060,1090,1043,1063,108000,1063
2005/02/21,1082,1139,1077,1104,105000,1104
2005/02/22,1090,1130,1088,1105,123000,1105
2005/02/23,1085,1123,1075,1076,193000,1076
2005/02/24,1070,1120,1070,1081,212000,1081
2005/02/25,1120,1145,1110,1145,196000,1145
2005/02/28,1165,1169,1145,1154,121000,1154
2005/03/01,1155,1186,1154,1180,244000,1180
2005/03/02,1181,1224,1181,1220,389000,1220
2005/03/03,1225,1225,1210,1214,159000,1214
2005/03/04,1211,1261,1211,1260,438000,1260
2005/03/07,1294,1294,1270,1277,354000,1277
2005/03/08,1280,1280,1190,1200,646000,1200
2005/03/09,1190,1219,1178,1193,569000,1193
2005/03/10,1178,1200,1174,1190,293000,1190
2005/03/11,1190,1222,1182,1222,142000,1222
2005/03/14,1248,1263,1233,1263,352000,1263
2005/03/15,1285,1305,1245,1276,547000,1276
2005/03/16,1270,1284,1269,1278,325000,1278
2005/03/17,1241,1265,1241,1260,162000,1260
2005/03/18,1248,1283,1248,1265,246000,1265
2005/03/22,1268,1290,1250,1274,542000,1274
2005/03/23,1269,1280,1252,1272,424000,1272
2005/03/24,1280,1298,1274,1296,310000,1296
2005/03/25,1276,1335,1276,1290,702000,1290
2005/03/28,1254,1280,1220,1229,175000,1229
2005/03/29,1209,1225,1171,1178,169000,1178
2005/03/30,1170,1170,1071,1071,449000,1071
2005/03/31,1060,1129,1060,1128,326000,1128
2005/04/01,1093,1120,1092,1110,90000,1110
2005/04/04,1082,1099,1031,1033,341000,1033
2005/04/05,1035,1075,1003,1004,634000,1004
2005/04/06,1024,1025,1005,1010,501000,1010
2005/04/07,1025,1043,1023,1033,510000,1033
2005/04/08,1041,1044,1006,1012,490000,1012
2005/04/11,1015,1015,998,1001,260000,1001
2005/04/12,1009,1010,992,995,156000,995
2005/04/13,1005,1005,982,989,199000,989
2005/04/14,989,989,972,986,188000,986
2005/04/15,970,984,965,973,92000,973
2005/04/18,932,942,925,940,214000,940
2005/04/19,947,975,941,970,152000,970
2005/04/20,992,992,958,973,241000,973
2005/04/21,960,976,943,958,370000,958
2005/04/22,988,998,978,997,155000,997
2005/04/25,999,1000,981,993,60000,993
2005/04/26,1009,1009,993,995,178000,995
2005/04/27,995,995,970,976,125000,976
2005/04/28,971,972,964,971,62000,971
2005/05/02,977,995,976,990,56800,990
2005/05/06,1000,1006,972,990,210500,990
2005/05/09,996,996,951,959,216200,959
2005/05/10,979,985,970,979,90900,979
2005/05/11,975,975,965,970,54600,970
2005/05/12,967,967,954,956,87300,956
2005/05/13,953,954,932,932,220900,932
2005/05/16,933,942,840,850,523700,850
2005/05/17,880,908,861,872,273600,872
2005/05/18,872,890,872,879,274300,879
2005/05/19,905,917,893,905,482600,905
2005/05/20,915,924,915,919,166700,919
2005/05/23,924,940,922,932,120200,932
2005/05/24,946,960,944,959,163900,959
2005/05/25,968,968,958,962,222900,962
2005/05/26,958,958,940,949,132800,949
2005/05/27,946,955,944,949,88400,949
2005/05/30,950,966,949,962,51400,962
2005/05/31,971,989,970,983,108700,983
2005/06/01,984,993,983,992,68500,992
2005/06/02,995,1007,995,1004,172400,1004
2005/06/03,1019,1024,1005,1020,294400,1020
2005/06/06,1007,1040,995,1034,233000,1034
2005/06/07,1048,1075,1044,1072,307800,1072
2005/06/08,1085,1086,1038,1060,241800,1060
2005/06/09,1046,1046,1006,1006,106900,1006
2005/06/10,1036,1044,1030,1039,85800,1039
2005/06/13,1035,1048,1032,1038,50200,1038
2005/06/14,1036,1036,1030,1030,39100,1030
2005/06/15,1011,1025,1011,1016,51500,1016
2005/06/16,1012,1036,1007,1036,101900,1036
2005/06/17,1041,1046,1026,1036,45600,1036
2005/06/20,1036,1040,1020,1027,92500,1027
2005/06/21,1010,1021,1010,1018,87300,1018
2005/06/22,1015,1027,1005,1021,36900,1021
2005/06/23,1035,1035,1019,1023,20400,1023
2005/06/24,1020,1026,1015,1021,28400,1021
2005/06/27,1015,1022,1004,1022,122700,1022
2005/06/28,1016,1032,1016,1019,91300,1019
2005/06/29,1031,1033,1014,1019,91600,1019
2005/06/30,1020,1030,1019,1030,83800,1030
2005/07/01,1021,1030,1021,1027,52800,1027
2005/07/04,1032,1058,1032,1051,121700,1051
2005/07/05,1080,1080,1063,1072,157900,1072
2005/07/06,1078,1078,1055,1064,56600,1064
2005/07/07,1064,1075,1059,1075,120500,1075
2005/07/08,1073,1074,1063,1069,54800,1069
2005/07/11,1069,1075,1068,1074,56200,1074
2005/07/12,1074,1075,1071,1072,67600,1072
2005/07/13,1071,1071,1066,1070,45400,1070
2005/07/14,1071,1080,1071,1080,58600,1080
2005/07/15,1085,1090,1083,1087,61800,1087
2005/07/19,1087,1088,1080,1081,39800,1081
2005/07/20,1090,1094,1085,1091,98800,1091
2005/07/21,1091,1092,1085,1087,49100,1087
2005/07/22,1087,1089,1081,1089,116500,1089
2005/07/25,1089,1113,1089,1102,126000,1102
2005/07/26,1094,1102,1094,1096,63900,1096
2005/07/27,1095,1096,1085,1090,50500,1090
2005/07/28,1089,1089,1003,1010,218800,1010
2005/07/29,1013,1025,1007,1025,219600,1025
2005/08/01,1020,1021,1010,1010,123100,1010
2005/08/02,1011,1015,975,976,154500,976
2005/08/03,971,999,971,982,205700,982
2005/08/04,985,991,981,988,82900,988
2005/08/05,988,999,982,983,60100,983
2005/08/08,973,994,972,983,86900,983
2005/08/09,987,1008,987,1000,107900,1000
2005/08/10,1013,1040,1011,1039,229000,1039
2005/08/11,1080,1118,1065,1115,397300,1115
2005/08/12,1115,1120,1095,1119,275400,1119
2005/08/15,1119,1135,1111,1130,132400,1130
2005/08/16,1130,1132,1111,1120,102500,1120
2005/08/17,1101,1125,1100,1124,110700,1124
2005/08/18,1115,1130,1115,1129,78100,1129
2005/08/19,1121,1125,1118,1119,39000,1119
2005/08/22,1099,1125,1099,1125,132200,1125
2005/08/23,1130,1143,1125,1125,211200,1125
2005/08/24,1122,1123,1113,1120,68400,1120
2005/08/25,1117,1120,1103,1108,75900,1108
2005/08/26,1109,1120,1104,1105,74500,1105
2005/08/29,1102,1110,1098,1104,101500,1104
2005/08/30,1110,1119,1107,1118,61400,1118
2005/08/31,1117,1120,1108,1110,72600,1110
2005/09/01,1120,1124,1113,1117,93700,1117
2005/09/02,1112,1119,1108,1112,67200,1112
2005/09/05,1115,1119,1107,1110,94800,1110
2005/09/06,1090,1112,1090,1100,130600,1100
2005/09/07,1100,1104,1090,1099,149900,1099
2005/09/08,1100,1103,1089,1094,166400,1094
2005/09/09,1084,1117,1084,1115,202300,1115
2005/09/12,1135,1175,1135,1159,273200,1159
2005/09/13,1165,1199,1163,1199,238400,1199
2005/09/14,1199,1199,1190,1198,133000,1198
2005/09/15,1190,1220,1190,1220,157500,1220
2005/09/16,1230,1250,1226,1250,279600,1250
2005/09/20,1270,1294,1257,1282,245300,1282
2005/09/21,1280,1290,1235,1252,165000,1252
2005/09/22,1205,1238,1200,1230,205300,1230
2005/09/26,1237,1269,1234,1258,234800,1258
2005/09/27,1250,1269,1230,1238,150400,1238
2005/09/28,1237,1250,1226,1243,62700,1243
2005/09/29,1275,1300,1263,1285,301400,1285
2005/09/30,1300,1300,1275,1286,168200,1286
2005/10/03,1286,1290,1270,1290,127700,1290
2005/10/04,1295,1299,1270,1288,112300,1288
2005/10/05,1251,1280,1251,1251,89300,1251
2005/10/06,1219,1232,1190,1190,153300,1190
2005/10/07,1170,1191,1166,1176,250000,1176
2005/10/11,1195,1225,1186,1220,85600,1220
2005/10/12,1228,1288,1228,1270,162900,1270
2005/10/13,1260,1263,1242,1258,79000,1258
2005/10/14,1243,1258,1243,1257,38700,1257
2005/10/17,1262,1268,1231,1260,82200,1260
2005/10/18,1250,1260,1238,1256,45000,1256
2005/10/19,1239,1242,1216,1218,83800,1218
2005/10/20,1223,1245,1223,1230,76800,1230
2005/10/21,1205,1207,1190,1191,98500,1191
2005/10/24,1227,1227,1215,1220,92200,1220
2005/10/25,1235,1274,1231,1269,112100,1269
2005/10/26,1270,1290,1270,1284,72300,1284
2005/10/27,1290,1314,1200,1246,342200,1246
2005/10/28,1215,1225,1200,1204,320300,1204
2005/10/31,1201,1240,1180,1240,265300,1240
2005/11/01,1250,1279,1205,1250,72600,1250
2005/11/02,1250,1250,1227,1227,97700,1227
2005/11/04,1250,1288,1234,1280,180500,1280
2005/11/07,1282,1371,1281,1340,432300,1340
2005/11/08,1400,1429,1358,1365,365500,1365
2005/11/09,1365,1381,1329,1336,166100,1336
2005/11/10,1356,1359,1310,1340,147100,1340
2005/11/11,1360,1379,1360,1375,89900,1375
2005/11/14,1383,1388,1360,1361,82600,1361
2005/11/15,1350,1378,1350,1363,152500,1363
2005/11/16,1358,1380,1340,1380,151400,1380
2005/11/17,1374,1399,1370,1399,66400,1399
2005/11/18,1400,1429,1399,1410,225100,1410
2005/11/21,1419,1428,1376,1376,231800,1376
2005/11/22,1378,1576,1378,1560,765300,1560
2005/11/24,1535,1541,1510,1523,422900,1523
2005/11/25,1535,1785,1535,1669,830400,1669
2005/11/28,1680,1697,1656,1674,458300,1674
2005/11/29,1642,1660,1603,1620,386300,1620
2005/11/30,1640,1649,1616,1640,359000,1640
2005/12/01,1615,1694,1614,1646,267000,1646
2005/12/02,1670,1750,1670,1745,508700,1745
2005/12/05,1780,1848,1765,1829,485800,1829
2005/12/06,1884,1969,1881,1945,845200,1945
2005/12/07,1884,1899,1810,1862,1049800,1862
2005/12/08,1832,1869,1770,1816,555700,1816
2005/12/09,1881,1920,1872,1912,279700,1912
2005/12/12,1920,1930,1912,1913,244700,1913
2005/12/13,1903,1911,1871,1873,341100,1873
2005/12/14,1884,1900,1853,1856,212800,1856
2005/12/15,1855,1890,1853,1884,290300,1884
2005/12/16,1889,1901,1875,1887,369500,1887
2005/12/19,1884,1894,1884,1889,144600,1889
2005/12/20,1885,1886,1862,1883,182200,1883
2005/12/21,1890,1901,1886,1897,247900,1897
2005/12/22,1944,2080,1931,2060,894600,2060
2005/12/26,2000,2045,1995,2040,698500,2040
2005/12/27,2060,2140,2030,2085,307600,2085
2005/12/28,2085,2140,2065,2135,187800,2135
2005/12/29,2140,2165,2100,2115,301700,2115
2005/12/30,2125,2140,2080,2110,135300,2110
2006/01/04,2130,2180,2130,2160,218300,2160
2006/01/05,2200,2260,2195,2235,553000,2235
2006/01/06,2250,2250,2200,2210,320400,2210
2006/01/10,2240,2245,2150,2170,321300,2170
2006/01/11,2170,2180,2115,2150,320100,2150
2006/01/12,2170,2190,2160,2175,209400,2175
2006/01/13,2195,2260,2185,2245,300900,2245
2006/01/16,2270,2335,2260,2295,479400,2295
2006/01/17,2250,2320,2190,2230,559600,2230
2006/01/18,2175,2175,1830,1885,1019500,1885
2006/01/19,1905,2140,1905,2080,630700,2080
2006/01/20,2140,2165,2050,2060,293900,2060
2006/01/23,2020,2050,1976,1976,437000,1976
2006/01/24,2000,2120,2000,2120,226600,2120
2006/01/25,2150,2170,2135,2165,241200,2165
2006/01/26,2200,2300,2190,2240,576700,2240
2006/01/27,2240,2245,2175,2225,480700,2225
2006/01/30,2290,2290,2245,2260,345300,2260
2006/01/31,2230,2280,2230,2250,266300,2250
2006/02/01,2240,2275,2235,2255,195900,2255
2006/02/02,2270,2275,2245,2250,153300,2250
2006/02/03,2240,2255,2225,2240,142900,2240
2006/02/06,2260,2270,2245,2265,176800,2265
2006/02/07,2285,2285,2260,2265,122500,2265
2006/02/08,2260,2270,2245,2250,182700,2250
2006/02/09,2250,2265,2220,2230,95800,2230
2006/02/10,2210,2225,2110,2125,249700,2125
2006/02/13,2135,2135,2040,2045,222800,2045
2006/02/14,2020,2100,1994,2080,239100,2080
2006/02/15,2160,2185,2120,2165,209500,2165
2006/02/16,2160,2180,2130,2170,143600,2170
2006/02/17,2170,2170,2070,2080,142300,2080
2006/02/20,2000,2035,1968,1995,471800,1995
2006/02/21,1990,2065,1985,2045,852700,2045
2006/02/22,2105,2170,2080,2105,549100,2105
2006/02/23,2160,2165,2105,2150,381300,2150
2006/02/24,2170,2275,2150,2275,716100,2275
2006/02/27,2300,2380,2295,2370,708900,2370
2006/02/28,2370,2370,2295,2300,714700,2300
2006/03/01,2260,2295,2210,2230,566200,2230
2006/03/02,2265,2275,2185,2210,461100,2210
2006/03/03,2210,2240,2115,2155,449600,2155
2006/03/06,2160,2165,2090,2115,659500,2115
2006/03/07,2135,2155,2115,2135,376800,2135
2006/03/08,2135,2140,2100,2110,492800,2110
2006/03/09,2120,2205,2120,2190,418800,2190
2006/03/10,2210,2280,2190,2265,655400,2265
2006/03/13,2295,2330,2290,2310,756200,2310
2006/03/14,2340,2355,2310,2340,787700,2340
2006/03/15,2340,2350,2335,2340,409800,2340
2006/03/16,2340,2345,2270,2295,435800,2295
2006/03/17,2300,2340,2290,2340,501500,2340
2006/03/20,2360,2390,2360,2380,718100,2380
2006/03/22,2420,2480,2415,2480,1548200,2480
2006/03/23,2470,2475,2355,2365,1345600,2365
2006/03/24,2340,2350,2290,2345,1153900,2345
2006/03/27,2335,2340,2290,2290,1441200,2290
2006/03/28,2125,2215,2115,2205,1442500,2205
2006/03/29,2210,2225,2190,2205,647600,2205
2006/03/30,2210,2250,2175,2240,1287400,2240
2006/03/31,2245,2275,2240,2270,471400,2270
2006/04/03,2275,2315,2275,2305,515800,2305
2006/04/04,2300,2335,2250,2255,468600,2255
2006/04/05,2265,2295,2240,2255,476200,2255
2006/04/06,2265,2275,2245,2245,279000,2245
2006/04/07,2300,2310,2250,2255,377800,2255
2006/04/10,2250,2255,2205,2225,336200,2225
2006/04/11,2225,2230,2170,2185,330100,2185
2006/04/12,2180,2180,2145,2145,366200,2145
2006/04/13,2150,2175,2135,2140,204700,2140
2006/04/14,2140,2150,2105,2110,260600,2110
2006/04/17,2120,2125,2015,2030,336500,2030
2006/04/18,2000,2130,1985,2115,290300,2115
2006/04/19,2165,2165,2110,2115,266200,2115
2006/04/20,2110,2120,2065,2105,493800,2105
2006/04/21,2085,2130,2065,2090,835200,2090
2006/04/24,2050,2070,2020,2025,304800,2025
2006/04/25,2010,2075,2010,2035,314600,2035
2006/04/26,2035,2050,2015,2035,281200,2035
2006/04/27,2050,2105,2045,2100,316000,2100
2006/04/28,2065,2090,2060,2085,268400,2085
2006/05/01,2090,2095,2050,2070,384700,2070
2006/05/02,2050,2075,2040,2060,322100,2060
2006/05/08,2075,2120,2070,2095,362600,2095
2006/05/09,2095,2095,2060,2075,241300,2075
2006/05/10,2040,2050,1967,1975,766800,1975
2006/05/11,1978,2010,1937,1945,475800,1945
2006/05/12,1904,1905,1881,1893,471800,1893
2006/05/15,1890,1890,1813,1818,668200,1818
2006/05/16,1820,1835,1735,1745,483700,1745
2006/05/17,1775,1809,1733,1770,378400,1770
2006/05/18,1711,1774,1703,1750,288100,1750
2006/05/19,1768,1869,1750,1866,818300,1866
2006/05/22,1920,1920,1840,1840,343600,1840
2006/05/23,1840,1858,1817,1837,407700,1837
2006/05/24,1840,1870,1825,1850,359600,1850
2006/05/25,1840,1853,1801,1819,282500,1819
2006/05/26,1834,1870,1821,1846,265800,1846
2006/05/29,1850,1872,1836,1846,122600,1846
2006/05/30,1860,1905,1848,1892,335900,1892
2006/05/31,1802,1831,1785,1792,344900,1792
2006/06/01,1820,1834,1734,1745,338000,1745
2006/06/02,1740,1790,1651,1784,862900,1784
2006/06/05,1717,1780,1717,1754,162500,1754
2006/06/06,1694,1716,1668,1669,317900,1669
2006/06/07,1660,1715,1591,1605,363400,1605
2006/06/08,1545,1569,1507,1524,360300,1524
2006/06/09,1551,1633,1546,1601,508300,1601
2006/06/12,1599,1670,1570,1666,252800,1666
2006/06/13,1620,1657,1590,1591,228500,1591
2006/06/14,1550,1639,1550,1564,437100,1564
2006/06/15,1601,1645,1601,1637,197700,1637
2006/06/16,1757,1790,1741,1751,581500,1751
2006/06/19,1749,1759,1714,1734,198100,1734
2006/06/20,1715,1749,1690,1695,298400,1695
2006/06/21,1710,1715,1634,1654,271000,1654
2006/06/22,1680,1734,1680,1734,211200,1734
2006/06/23,1720,1728,1696,1708,225000,1708
2006/06/26,1717,1717,1696,1702,254700,1702
2006/06/27,1714,1728,1701,1716,129300,1716
2006/06/28,1699,1710,1680,1695,148000,1695
2006/06/29,1700,1734,1695,1734,227600,1734
2006/06/30,1780,1780,1726,1731,219200,1731
2006/07/03,1740,1775,1732,1768,227300,1768
2006/07/04,1799,1825,1790,1820,300000,1820
2006/07/05,1800,1800,1782,1793,127800,1793
2006/07/06,1763,1780,1742,1763,133000,1763
2006/07/07,1789,1789,1731,1741,115100,1741
2006/07/10,1712,1775,1710,1772,219200,1772
2006/07/11,1800,1800,1769,1782,308900,1782
2006/07/12,1788,1790,1729,1740,120400,1740
2006/07/13,1712,1767,1706,1740,197600,1740
2006/07/14,1710,1730,1707,1707,195400,1707
2006/07/18,1680,1683,1556,1567,332700,1567
2006/07/19,1562,1606,1561,1585,325900,1585
2006/07/20,1670,1692,1655,1692,163900,1692
2006/07/21,1653,1666,1638,1653,157000,1653
2006/07/24,1630,1644,1611,1638,122200,1638
2006/07/25,1662,1675,1632,1635,154300,1635
2006/07/26,1649,1654,1583,1588,181800,1588
2006/07/27,1584,1607,1580,1603,473300,1603
2006/07/28,1633,1666,1612,1663,326100,1663
2006/07/31,1665,1709,1650,1699,284100,1699
2006/08/01,1684,1709,1682,1690,167500,1690
2006/08/02,1685,1735,1672,1728,237400,1728
2006/08/03,1750,1768,1745,1750,250900,1750
2006/08/04,1740,1748,1730,1737,150400,1737
2006/08/07,1747,1752,1677,1680,194300,1680
2006/08/08,1680,1686,1656,1677,201200,1677
2006/08/09,1676,1713,1646,1709,288300,1709
2006/08/10,1700,1707,1671,1703,133500,1703
2006/08/11,1681,1707,1681,1692,161000,1692
2006/08/14,1697,1725,1692,1723,168800,1723
2006/08/15,1744,1789,1737,1769,467600,1769
2006/08/16,1795,1819,1792,1815,361000,1815
2006/08/17,1845,1867,1845,1855,603400,1855
2006/08/18,1856,1865,1842,1864,389000,1864
2006/08/21,1872,1872,1813,1817,234800,1817
2006/08/22,1810,1835,1806,1829,326100,1829
2006/08/23,1830,1830,1806,1816,257900,1816
2006/08/24,1815,1815,1776,1798,224400,1798
2006/08/25,1799,1807,1780,1782,148300,1782
2006/08/28,1782,1789,1746,1750,173900,1750
2006/08/29,1768,1790,1767,1790,226100,1790
2006/08/30,1770,1788,1742,1753,228600,1753
2006/08/31,1754,1769,1745,1753,165900,1753
2006/09/01,1749,1759,1745,1752,156400,1752
2006/09/04,1765,1775,1761,1773,196300,1773
2006/09/05,1790,1790,1775,1786,158900,1786
2006/09/06,1793,1793,1762,1764,188900,1764
2006/09/07,1760,1760,1735,1740,209600,1740
2006/09/08,1737,1745,1713,1718,460800,1718
2006/09/11,1725,1729,1690,1692,314100,1692
2006/09/12,1695,1695,1652,1660,288100,1660
2006/09/13,1685,1690,1620,1625,245600,1625
2006/09/14,1637,1643,1620,1625,211700,1625
2006/09/15,1623,1629,1600,1624,345200,1624
2006/09/19,1651,1656,1625,1627,274500,1627
2006/09/20,1625,1625,1600,1611,375800,1611
2006/09/21,1629,1629,1606,1621,262500,1621
2006/09/22,1610,1615,1599,1604,339800,1604
2006/09/25,1596,1596,1560,1577,303600,1577
2006/09/26,1546,1567,1516,1526,242800,1526
2006/09/27,1526,1555,1523,1547,242800,1547
2006/09/28,1560,1560,1542,1549,220800,1549
2006/09/29,1556,1586,1556,1581,482000,1581
2006/10/02,1589,1600,1544,1565,483800,1565
2006/10/03,1575,1600,1555,1576,424600,1576
2006/10/04,1577,1618,1576,1597,899700,1597
2006/10/05,1610,1624,1586,1622,352700,1622
2006/10/06,1630,1681,1625,1671,580700,1671
2006/10/10,1650,1665,1631,1653,348100,1653
2006/10/11,1635,1640,1556,1571,419100,1571
2006/10/12,1481,1521,1455,1490,896100,1490
2006/10/13,1529,1575,1520,1545,401300,1545
2006/10/16,1617,1645,1605,1622,504200,1622
2006/10/17,1622,1639,1622,1630,235400,1630
2006/10/18,1620,1626,1605,1626,417100,1626
2006/10/19,1648,1711,1640,1691,608100,1691
2006/10/20,1680,1687,1650,1685,305300,1685
2006/10/23,1690,1699,1653,1695,236400,1695
2006/10/24,1715,1740,1706,1713,346300,1713
2006/10/25,1700,1713,1627,1636,369800,1636
2006/10/26,1621,1640,1601,1615,355200,1615
2006/10/27,1612,1657,1592,1648,328900,1648
2006/10/30,1600,1640,1590,1593,352700,1593
2006/10/31,1590,1618,1580,1600,184800,1600
2006/11/01,1590,1633,1584,1619,211100,1619
2006/11/02,1606,1606,1582,1590,198700,1590
2006/11/06,1572,1580,1559,1569,230400,1569
2006/11/07,1573,1610,1573,1604,319000,1604
2006/11/08,1585,1600,1548,1550,354400,1550
2006/11/09,1545,1563,1496,1517,386600,1517
2006/11/10,1497,1516,1492,1502,277400,1502
2006/11/13,1500,1501,1471,1474,227900,1474
2006/11/14,1479,1580,1479,1574,430300,1574
2006/11/15,1590,1597,1555,1559,252900,1559
2006/11/16,1550,1571,1537,1538,291100,1538
2006/11/17,1568,1586,1496,1497,268300,1497
2006/11/20,1480,1480,1411,1430,383500,1430
2006/11/21,1430,1480,1430,1464,466300,1464
2006/11/22,1484,1519,1457,1508,236600,1508
2006/11/24,1478,1518,1472,1514,251100,1514
2006/11/27,1490,1527,1490,1523,218400,1523
2006/11/28,1510,1544,1490,1544,212200,1544
2006/11/29,1549,1586,1548,1579,318900,1579
2006/11/30,1579,1624,1570,1621,241200,1621
2006/12/01,1617,1640,1598,1632,379300,1632
2006/12/04,1614,1632,1605,1628,183800,1628
2006/12/05,1629,1644,1610,1611,130200,1611
2006/12/06,1606,1645,1606,1639,189700,1639
2006/12/07,1645,1676,1633,1657,258700,1657
2006/12/08,1680,1680,1647,1650,189600,1650
2006/12/11,1650,1660,1630,1643,111100,1643
2006/12/12,1643,1670,1636,1656,149900,1656
2006/12/13,1658,1663,1645,1657,143500,1657
2006/12/14,1649,1669,1648,1663,112200,1663
2006/12/15,1669,1707,1666,1685,237000,1685
2006/12/18,1679,1694,1670,1684,116900,1684
2006/12/19,1667,1667,1600,1620,195100,1620
2006/12/20,1610,1648,1610,1648,176400,1648
2006/12/21,1649,1649,1625,1631,102400,1631
2006/12/22,1622,1694,1621,1681,381600,1681
2006/12/25,1664,1694,1664,1675,196800,1675
2006/12/26,1675,1702,1673,1700,291700,1700
2006/12/27,1709,1725,1706,1715,154700,1715
2006/12/28,1720,1737,1717,1727,203900,1727
2006/12/29,1738,1738,1715,1717,38400,1717
2007/01/04,1687,1723,1687,1719,133900,1719
2007/01/05,1704,1704,1687,1699,135200,1699
2007/01/09,1685,1724,1685,1713,204000,1713
2007/01/10,1720,1755,1714,1725,469000,1725
2007/01/11,1719,1787,1716,1773,630900,1773
2007/01/12,1774,1830,1774,1823,686800,1823
2007/01/15,1830,1910,1824,1897,525900,1897
2007/01/16,1897,1918,1891,1910,313700,1910
2007/01/17,1887,1918,1854,1904,366100,1904
2007/01/18,1907,1940,1900,1929,283100,1929
2007/01/19,1940,2040,1938,2025,515700,2025
2007/01/22,2030,2100,2025,2080,343400,2080
2007/01/23,2040,2060,1979,1995,369100,1995
2007/01/24,1994,2020,1984,1990,279800,1990
2007/01/25,1998,2005,1948,1950,232200,1950
2007/01/26,1882,1930,1870,1919,441500,1919
2007/01/29,1895,1912,1874,1905,332300,1905
2007/01/30,1900,1922,1883,1910,175900,1910
2007/01/31,1900,1909,1879,1898,167400,1898
2007/02/01,1899,1899,1875,1888,193900,1888
2007/02/02,1889,1923,1877,1922,206200,1922
2007/02/05,1924,1949,1891,1912,212000,1912
2007/02/06,1913,1914,1881,1886,259700,1886
2007/02/07,1875,1890,1852,1862,165000,1862
2007/02/08,1869,1883,1860,1862,167600,1862
2007/02/09,1863,1920,1863,1913,231000,1913
2007/02/13,1943,1980,1925,1972,267800,1972
2007/02/14,1985,2000,1970,1980,217100,1980
2007/02/15,1982,1990,1939,1962,280600,1962
2007/02/16,1963,1974,1922,1937,227900,1937
2007/02/19,1937,1965,1930,1948,340600,1948
2007/02/20,1960,1969,1947,1959,274600,1959
2007/02/21,1965,2010,1965,1997,417100,1997
2007/02/22,2020,2100,2015,2090,532500,2090
2007/02/23,2100,2135,2070,2135,616100,2135
2007/02/26,2140,2140,2070,2090,226300,2090
2007/02/27,2075,2090,2030,2050,325100,2050
2007/02/28,1790,1975,1790,1970,426800,1970
2007/03/01,2000,2045,1913,1977,238800,1977
2007/03/02,1954,1965,1919,1933,168100,1933
2007/03/05,1873,1894,1792,1797,357400,1797
2007/03/06,1791,1934,1791,1925,432400,1925
2007/03/07,1985,2025,1945,1957,411400,1957
2007/03/08,1952,1998,1932,1984,152700,1984
2007/03/09,1983,2020,1983,2010,180600,2010
2007/03/12,2030,2035,1989,2015,171900,2015
2007/03/13,2020,2025,1986,1987,207900,1987
2007/03/14,1897,1957,1897,1913,266100,1913
2007/03/15,1955,1977,1930,1944,176900,1944
2007/03/16,1914,1933,1891,1907,150900,1907
2007/03/19,1905,1940,1881,1920,176900,1920
2007/03/20,1940,1970,1930,1965,178800,1965
2007/03/22,2000,2000,1966,1973,154700,1973
2007/03/23,1970,1971,1941,1955,170300,1955
2007/03/26,1985,1985,1950,1957,214700,1957
2007/03/27,1900,1919,1881,1902,192700,1902
2007/03/28,1881,1901,1866,1880,105500,1880
2007/03/29,1840,1882,1832,1869,110200,1869
2007/03/30,1880,1903,1860,1892,160500,1892
2007/04/02,1900,1950,1880,1883,342800,1883
2007/04/03,1883,1886,1831,1851,242900,1851
2007/04/04,1888,1906,1875,1902,182100,1902
2007/04/05,1914,1914,1882,1888,126400,1888
2007/04/06,1895,1899,1853,1888,136500,1888
2007/04/09,1889,1913,1880,1907,120100,1907
2007/04/10,1885,1912,1875,1876,105500,1876
2007/04/11,1877,1894,1860,1869,90800,1869
2007/04/12,1840,1853,1837,1844,138900,1844
2007/04/13,1868,1869,1800,1805,180200,1805
2007/04/16,1827,1860,1817,1827,177800,1827
2007/04/17,1828,1875,1828,1853,203100,1853
2007/04/18,1841,1885,1840,1877,176200,1877
2007/04/19,1847,1870,1820,1847,227300,1847
2007/04/20,1858,1865,1826,1844,159700,1844
2007/04/23,1862,1865,1829,1835,213700,1835
2007/04/24,1831,1887,1821,1881,239400,1881
2007/04/25,1882,1889,1852,1874,323700,1874
2007/04/26,1873,1874,1825,1840,341800,1840
2007/04/27,1880,1956,1863,1947,479000,1947
2007/05/01,1932,1955,1916,1944,281700,1944
2007/05/02,1955,2015,1955,1992,439100,1992
2007/05/07,2005,2025,1998,2005,134500,2005
2007/05/08,1983,2025,1981,2010,207900,2010
2007/05/09,2020,2050,2020,2045,263100,2045
2007/05/10,2045,2080,2030,2035,155800,2035
2007/05/11,2020,2025,1986,2000,187800,2000
2007/05/14,2015,2025,1970,1977,160000,1977
2007/05/15,1977,1988,1953,1960,148400,1960
2007/05/16,1961,1961,1919,1927,110200,1927
2007/05/17,1948,1975,1913,1917,128800,1917
2007/05/18,1944,1955,1863,1877,252500,1877
2007/05/21,1878,1903,1856,1871,305900,1871
2007/05/22,1873,1948,1870,1937,202500,1937
2007/05/23,1960,1978,1942,1963,120200,1963
2007/05/24,1962,1964,1902,1957,141500,1957
2007/05/25,1937,1943,1876,1918,187700,1918
2007/05/28,1948,1956,1892,1903,152900,1903
2007/05/29,1900,1925,1882,1907,84900,1907
2007/05/30,1914,1930,1886,1919,258700,1919
2007/05/31,1919,1925,1895,1910,200100,1910
2007/06/01,1911,1933,1908,1918,140500,1918
2007/06/04,1948,1948,1909,1923,187700,1923
2007/06/05,1910,1929,1905,1915,189400,1915
2007/06/06,1910,1927,1905,1915,123900,1915
2007/06/07,1882,1889,1853,1876,447200,1876
2007/06/08,1870,1873,1821,1862,312600,1862
2007/06/11,1864,1879,1801,1811,318700,1811
2007/06/12,1812,1821,1768,1773,331300,1773
2007/06/13,1743,1755,1723,1734,433900,1734
2007/06/14,1764,1772,1750,1762,191400,1762
2007/06/15,1740,1784,1726,1784,188400,1784
2007/06/18,1823,1835,1810,1835,162100,1835
2007/06/19,1830,1830,1763,1769,382000,1769
2007/06/20,1789,1819,1772,1807,215900,1807
2007/06/21,1801,1817,1790,1809,121800,1809
2007/06/22,1804,1814,1787,1798,88700,1798
2007/06/25,1796,1796,1754,1755,230500,1755
2007/06/26,1815,1830,1801,1812,552200,1812
2007/06/27,1790,1791,1764,1775,278400,1775
2007/06/28,1775,1780,1756,1778,147700,1778
2007/06/29,1779,1792,1762,1784,105700,1784
2007/07/02,1750,1783,1747,1774,190800,1774
2007/07/03,1765,1775,1721,1739,491000,1739
2007/07/04,1748,1748,1737,1739,93900,1739
2007/07/05,1740,1770,1740,1753,107600,1753
2007/07/06,1767,1767,1735,1743,170800,1743
2007/07/09,1744,1759,1732,1746,110900,1746
2007/07/10,1755,1755,1741,1744,143000,1744
2007/07/11,1735,1739,1716,1718,149800,1718
2007/07/12,1719,1725,1681,1693,171100,1693
2007/07/13,1714,1714,1688,1690,153700,1690
2007/07/17,1691,1692,1665,1672,137400,1672
2007/07/18,1668,1672,1638,1651,142200,1651
2007/07/19,1646,1668,1646,1663,107500,1663
2007/07/20,1675,1687,1671,1673,178600,1673
2007/07/23,1660,1665,1610,1633,164100,1633
2007/07/24,1631,1658,1626,1650,119400,1650
2007/07/25,1610,1652,1610,1642,114900,1642
2007/07/26,1655,1705,1655,1680,277200,1680
2007/07/27,1620,1640,1620,1625,343900,1625
2007/07/30,1590,1606,1560,1601,260700,1601
2007/07/31,1619,1619,1575,1583,455500,1583
2007/08/01,1572,1592,1555,1557,204300,1557
2007/08/02,1584,1596,1555,1572,197300,1572
2007/08/03,1570,1570,1534,1544,343300,1544
2007/08/06,1510,1539,1500,1520,213000,1520
2007/08/07,1510,1523,1448,1456,348200,1456
2007/08/08,1451,1478,1428,1431,299000,1431
2007/08/09,1420,1428,1360,1384,665100,1384
2007/08/10,1384,1389,1333,1353,666700,1353
2007/08/13,1343,1420,1333,1390,553300,1390
2007/08/14,1390,1407,1370,1373,319800,1373
2007/08/15,1365,1367,1342,1350,204700,1350
2007/08/16,1313,1335,1285,1326,349800,1326
2007/08/17,1306,1323,1263,1283,354900,1283
2007/08/20,1303,1333,1285,1289,349000,1289
2007/08/21,1300,1342,1294,1329,218700,1329
2007/08/22,1343,1345,1316,1326,349500,1326
2007/08/23,1346,1370,1346,1366,286400,1366
2007/08/24,1385,1388,1355,1364,231200,1364
2007/08/27,1399,1410,1381,1387,267100,1387
2007/08/28,1385,1399,1384,1397,147400,1397
2007/08/29,1397,1398,1323,1334,434000,1334
2007/08/30,1343,1360,1283,1292,538700,1292
2007/08/31,1293,1330,1290,1317,277000,1317
2007/09/03,1334,1335,1300,1302,183400,1302
2007/09/04,1296,1309,1286,1289,141600,1289
2007/09/05,1287,1294,1219,1228,329600,1228
2007/09/06,1194,1194,1161,1168,430700,1168
2007/09/07,1148,1167,1124,1135,448600,1135
2007/09/10,1092,1143,1091,1114,258400,1114
2007/09/11,1108,1172,1092,1146,323800,1146
2007/09/12,1166,1176,1080,1086,350400,1086
2007/09/13,1106,1106,1071,1075,237800,1075
2007/09/14,1070,1107,1066,1102,347600,1102
2007/09/18,1080,1081,1040,1043,296600,1043
2007/09/19,1083,1100,1065,1098,207500,1098
2007/09/20,1103,1103,1062,1069,224300,1069
2007/09/21,1071,1080,1034,1046,374900,1046
2007/09/25,1070,1102,1031,1100,456500,1100
2007/09/26,1101,1213,1091,1174,488400,1174
2007/09/27,1203,1265,1196,1255,335300,1255
2007/09/28,1258,1268,1197,1219,371500,1219
2007/10/01,1059,1060,1019,1025,1462100,1025
2007/10/02,1065,1101,1050,1089,1377800,1089
2007/10/03,1090,1180,1075,1179,1183200,1179
2007/10/04,1155,1198,1150,1184,659700,1184
2007/10/05,1180,1199,1170,1184,318000,1184
2007/10/09,1216,1247,1207,1236,738500,1236
2007/10/10,1260,1260,1181,1202,715300,1202
2007/10/11,1180,1241,1150,1232,381800,1232
2007/10/12,1231,1244,1210,1227,353900,1227
2007/10/15,1247,1255,1212,1228,246700,1228
2007/10/16,1219,1219,1191,1199,506000,1199
2007/10/17,1190,1190,1128,1146,531200,1146
2007/10/18,1137,1183,1137,1180,301700,1180
2007/10/19,1161,1171,1121,1126,577600,1126
2007/10/22,1070,1116,1062,1105,311200,1105
2007/10/23,1100,1109,1070,1075,428700,1075
2007/10/24,1094,1105,1045,1053,468600,1053
2007/10/25,1074,1079,1030,1038,264000,1038
2007/10/26,1038,1079,1030,1074,260300,1074
2007/10/29,1117,1159,1111,1142,380200,1142
2007/10/30,1143,1193,1136,1185,572000,1185
2007/10/31,1167,1250,1163,1250,483200,1250
2007/11/01,1230,1242,1182,1187,521500,1187
2007/11/02,1156,1248,1148,1241,597200,1241
2007/11/05,1181,1240,1171,1203,323700,1203
2007/11/06,1178,1242,1178,1237,403200,1237
2007/11/07,1238,1248,1175,1182,336500,1182
2007/11/08,1162,1163,1087,1114,371400,1114
2007/11/09,1115,1145,1081,1088,430200,1088
2007/11/12,1039,1064,1005,1033,455100,1033
2007/11/13,1030,1089,1027,1046,321400,1046
2007/11/14,1104,1120,1086,1102,159300,1102
2007/11/15,1100,1118,1072,1081,228500,1081
2007/11/16,1050,1061,1033,1048,192900,1048
2007/11/19,1051,1077,1000,1006,403000,1006
2007/11/20,986,1037,972,1030,304200,1030
2007/11/21,1050,1078,1036,1059,450800,1059
2007/11/22,1077,1122,1049,1084,694700,1084
2007/11/26,1120,1149,1104,1145,391600,1145
2007/11/27,1140,1199,1125,1191,448500,1191
2007/11/28,1193,1210,1166,1180,221900,1180
2007/11/29,1215,1230,1210,1224,220000,1224
2007/11/30,1184,1228,1184,1220,213200,1220
2007/12/03,1220,1236,1213,1234,237700,1234
2007/12/04,1223,1229,1198,1200,264700,1200
2007/12/05,1190,1235,1171,1232,228300,1232
2007/12/06,1235,1235,1210,1235,167100,1235
2007/12/07,1235,1247,1202,1217,192100,1217
2007/12/10,1238,1240,1207,1212,254000,1212
2007/12/11,1232,1234,1198,1202,311800,1202
2007/12/12,1162,1193,1159,1192,242800,1192
2007/12/13,1188,1188,1120,1125,277300,1125
2007/12/14,1112,1122,1054,1070,549300,1070
2007/12/17,1050,1087,1042,1058,452400,1058
2007/12/18,1040,1090,1028,1068,318400,1068
2007/12/19,1030,1048,1014,1014,473500,1014
2007/12/20,1015,1032,990,997,424500,997
2007/12/21,994,1016,994,1008,384900,1008
2007/12/25,1048,1048,1019,1028,174900,1028
2007/12/26,1038,1051,1017,1051,206800,1051
2007/12/27,1051,1053,1024,1031,129900,1031
2007/12/28,1008,1022,1004,1014,116400,1014
2008/01/04,998,1000,950,953,403400,953
2008/01/07,954,979,938,949,535400,949
2008/01/08,950,955,921,932,282000,932
2008/01/09,920,959,912,953,328900,953
2008/01/10,949,962,930,933,223000,933
2008/01/11,923,943,900,905,265200,905
2008/01/15,900,917,830,840,406600,840
2008/01/16,770,869,768,827,563300,827
2008/01/17,854,896,832,866,536900,866
2008/01/18,861,936,844,919,367500,919
2008/01/21,895,899,859,860,306600,860
2008/01/22,808,843,791,794,460900,794
2008/01/23,846,850,778,807,420000,807
2008/01/24,829,859,819,853,385600,853
2008/01/25,890,915,870,915,266400,915
2008/01/28,885,898,868,879,252400,879
2008/01/29,919,977,916,973,475000,973
2008/01/30,963,1010,953,994,593600,994
2008/01/31,990,1029,970,1027,477700,1027
2008/02/01,1027,1048,1011,1022,411200,1022
2008/02/04,1024,1050,1024,1045,309100,1045
2008/02/05,1027,1033,1007,1024,325100,1024
2008/02/06,980,990,966,967,373200,967
2008/02/07,967,999,950,987,375300,987
2008/02/08,987,1003,961,966,215600,966
2008/02/12,960,960,940,950,221700,950
2008/02/13,960,979,957,962,210500,962
2008/02/14,972,1000,972,991,310000,991
2008/02/15,981,1039,980,1035,324500,1035
2008/02/18,1048,1072,1048,1070,303000,1070
2008/02/19,1070,1088,1070,1082,223100,1082
2008/02/20,1079,1079,1033,1033,344900,1033
2008/02/21,1053,1093,1052,1082,228500,1082
2008/02/22,1062,1089,1035,1077,287000,1077
2008/02/25,1099,1134,1090,1132,329700,1132
2008/02/26,1138,1150,1105,1107,396000,1107
2008/02/27,1125,1145,1115,1130,221800,1130
2008/02/28,1110,1122,1090,1116,301600,1116
2008/02/29,1100,1116,1087,1108,250200,1108
2008/03/03,1072,1074,1050,1057,321100,1057
2008/03/04,1058,1059,1001,1007,475100,1007
2008/03/05,1000,1038,996,1012,270100,1012
2008/03/06,1031,1064,1022,1055,231100,1055
2008/03/07,1020,1065,1019,1046,287500,1046
2008/03/10,1035,1035,1000,1008,274600,1008
2008/03/11,1006,1010,979,1009,244300,1009
2008/03/12,1049,1058,1034,1041,324800,1041
2008/03/13,1028,1039,1001,1005,351300,1005
2008/03/14,1005,1010,988,994,323400,994
2008/03/17,960,961,931,944,260100,944
2008/03/18,914,944,914,938,296400,938
2008/03/19,979,1002,977,1002,179400,1002
2008/03/21,998,1022,990,1019,163200,1019
2008/03/24,1039,1052,1026,1037,204100,1037
2008/03/25,1030,1047,1010,1043,219100,1043
2008/03/26,1010,1039,1000,1031,159500,1031
2008/03/27,1000,1060,996,1046,253600,1046
2008/03/28,1032,1053,1008,1049,149800,1049
2008/03/31,1038,1040,987,999,238500,999
2008/04/01,998,998,949,952,343600,952
2008/04/02,972,993,964,992,244000,992
2008/04/03,1002,1004,963,995,196200,995
2008/04/04,999,999,962,974,116600,974
2008/04/07,973,973,941,943,238100,943
2008/04/08,930,941,890,893,386300,893
2008/04/09,903,904,877,898,207800,898
2008/04/10,889,909,882,891,204400,891
2008/04/11,903,966,899,962,380400,962
2008/04/14,922,940,907,914,130600,914
2008/04/15,905,928,894,924,234200,924
2008/04/16,930,951,920,945,105600,945
2008/04/17,961,992,961,985,165900,985
2008/04/18,981,1007,981,1005,140600,1005
2008/04/21,1040,1059,1032,1059,227200,1059
2008/04/22,1039,1053,1003,1007,202100,1007
2008/04/23,1003,1040,995,1033,218500,1033
2008/04/24,1030,1045,1027,1036,93500,1036
2008/04/25,1048,1091,1048,1083,238000,1083
2008/04/28,1052,1100,1044,1097,363500,1097
2008/04/30,1091,1140,1078,1134,423400,1134
2008/05/01,1100,1119,1079,1087,348400,1087
2008/05/02,1100,1110,1070,1077,191500,1077
2008/05/07,1078,1116,1078,1100,342700,1100
2008/05/08,1080,1154,1067,1146,357700,1146
2008/05/09,1135,1150,1090,1092,220100,1092
2008/05/12,1072,1127,1065,1119,175400,1119
2008/05/13,1114,1153,1095,1141,182400,1141
2008/05/14,1150,1159,1109,1151,185100,1151
2008/05/15,1160,1187,1151,1175,154700,1175
2008/05/16,1180,1194,1160,1169,147300,1169
2008/05/19,1175,1175,1135,1151,129100,1151
2008/05/20,1139,1144,1103,1107,122500,1107
2008/05/21,1068,1069,1027,1039,264100,1039
2008/05/22,1025,1066,1010,1061,147400,1061
2008/05/23,1081,1081,1050,1059,141900,1059
2008/05/26,1050,1050,1005,1006,198600,1006
2008/05/27,1012,1044,1012,1038,150800,1038
2008/05/28,1043,1048,1013,1020,145200,1020
2008/05/29,1034,1041,1016,1036,100400,1036
2008/05/30,1049,1071,1044,1070,118700,1070
2008/06/02,1071,1117,1055,1106,156200,1106
2008/06/03,1086,1091,1063,1071,159000,1071
2008/06/04,1087,1088,1068,1077,107000,1077
2008/06/05,1073,1085,1060,1080,103400,1080
2008/06/06,1109,1109,1074,1075,117000,1075
2008/06/09,1036,1063,1035,1043,93500,1043
2008/06/10,1077,1077,1027,1028,132100,1028
2008/06/11,1032,1037,1016,1024,116200,1024
2008/06/12,1004,1010,987,1005,222900,1005
2008/06/13,975,1009,975,1000,344200,1000
2008/06/16,1019,1035,994,1033,174100,1033
2008/06/17,1013,1039,1013,1031,96100,1031
2008/06/18,1029,1042,1017,1038,104500,1038
2008/06/19,1020,1029,985,990,203300,990
2008/06/20,991,998,970,976,161800,976
2008/06/23,950,974,945,960,89000,960
2008/06/24,950,978,950,974,65800,974
2008/06/25,1004,1032,984,1025,335000,1025
2008/06/26,1039,1053,1017,1030,157500,1030
2008/06/27,986,997,973,995,130000,995
2008/06/30,985,992,970,973,110300,973
2008/07/01,963,978,945,953,217100,953
2008/07/02,963,964,913,922,167600,922
2008/07/03,930,936,905,930,152300,930
2008/07/04,940,943,909,925,118400,925
2008/07/07,945,959,931,954,185900,954
2008/07/08,934,938,897,902,154100,902
2008/07/09,911,914,885,888,208600,888
2008/07/10,897,916,886,909,173100,909
2008/07/11,916,938,899,916,140600,916
2008/07/14,906,949,906,923,105700,923
2008/07/15,908,942,904,923,239700,923
2008/07/16,913,935,903,925,161400,925
2008/07/17,944,983,939,975,282100,975
2008/07/18,985,1035,977,984,319800,984
2008/07/22,1004,1017,972,1017,185200,1017
2008/07/23,1017,1045,1004,1036,224900,1036
2008/07/24,1035,1058,1025,1050,186000,1050
2008/07/25,1046,1046,1005,1019,187500,1019
2008/07/28,1029,1036,1016,1024,167300,1024
2008/07/29,1004,1035,1001,1021,272900,1021
2008/07/30,1041,1065,1034,1065,440500,1065
2008/07/31,1065,1082,1056,1072,271400,1072
2008/08/01,1060,1069,1039,1046,162500,1046
2008/08/04,1041,1065,1020,1022,218400,1022
2008/08/05,1010,1048,1010,1032,122100,1032
2008/08/06,1058,1109,1057,1102,341600,1102
2008/08/07,1083,1087,1054,1064,201700,1064
2008/08/08,1027,1040,1013,1022,284800,1022
2008/08/11,1040,1047,1028,1037,210000,1037
2008/08/12,1017,1034,1006,1009,218900,1009
2008/08/13,989,1000,966,980,189400,980
2008/08/14,981,1007,969,1001,185400,1001
2008/08/15,992,1027,992,1019,109400,1019
2008/08/18,1000,1042,1000,1025,106300,1025
2008/08/19,990,1007,989,995,96900,995
2008/08/20,998,1009,990,1006,79600,1006
2008/08/21,993,1008,975,988,122900,988
2008/08/22,989,994,976,982,105400,982
2008/08/25,1019,1044,1005,1035,188000,1035
2008/08/26,1010,1055,1010,1050,133500,1050
2008/08/27,1030,1046,1030,1042,73100,1042
2008/08/28,1032,1042,1022,1038,86700,1038
2008/08/29,1045,1085,1043,1078,188400,1078
2008/09/01,1044,1066,1044,1048,122700,1048
2008/09/02,1039,1064,1011,1015,139200,1015
2008/09/03,1019,1032,985,999,196300,999
2008/09/04,979,987,963,964,158300,964
2008/09/05,920,936,908,910,218800,910
2008/09/08,949,980,944,974,295200,974
2008/09/09,945,959,921,924,179900,924
2008/09/10,900,919,895,907,284000,907
2008/09/11,898,898,882,890,214400,890
2008/09/12,910,948,902,946,173000,946
2008/09/16,890,983,871,979,419900,979
2008/09/17,986,986,884,889,541900,889
2008/09/18,879,967,858,954,596800,954
2008/09/19,974,1054,973,1054,736200,1054
2008/09/22,1080,1115,1060,1071,332700,1071
2008/09/24,1060,1214,1053,1169,1159000,1169
2008/09/25,1150,1160,1125,1132,294800,1132
2008/09/26,1106,1143,1081,1100,178700,1100
2008/09/29,1100,1135,1070,1073,96500,1073
2008/09/30,1049,1093,1019,1081,127100,1081
2008/10/01,1021,1061,1019,1021,163000,1021
2008/10/02,1022,1027,975,983,317300,983
2008/10/03,958,965,936,942,293000,942
2008/10/06,932,936,881,884,334100,884
2008/10/07,804,834,784,790,442500,790
2008/10/08,750,760,695,699,441400,699
2008/10/09,733,764,719,730,399400,730
2008/10/10,670,700,651,687,235900,687
2008/10/14,787,787,765,787,178200,787
2008/10/15,830,887,826,887,252700,887
2008/10/16,824,860,798,831,327200,831
2008/10/17,850,869,823,852,252200,852
2008/10/20,842,902,820,898,283600,898
2008/10/21,950,951,885,901,169900,901
2008/10/22,900,905,870,877,176700,877
2008/10/23,880,889,830,889,142700,889
2008/10/24,919,919,851,866,191700,866
2008/10/27,831,840,766,766,148700,766
2008/10/28,720,781,666,781,257900,781
2008/10/29,821,831,685,720,267500,720
2008/10/30,710,770,710,749,439200,749
2008/10/31,759,810,741,773,191300,773
2008/11/04,860,862,779,801,97200,801
2008/11/05,819,838,782,808,193300,808
2008/11/06,797,797,720,753,127700,753
2008/11/07,692,751,692,728,112300,728
2008/11/10,739,755,721,732,98000,732
2008/11/11,725,751,717,721,97200,721
2008/11/12,712,724,692,703,179800,703
2008/11/13,671,691,666,666,220100,666
2008/11/14,709,709,629,635,223100,635
2008/11/17,585,635,585,607,176400,607
2008/11/18,687,695,663,690,810200,690
2008/11/19,680,685,653,674,438800,674
2008/11/20,664,665,576,591,639500,591
2008/11/21,561,645,552,635,339000,635
2008/11/25,666,672,638,656,312000,656
2008/11/26,646,677,642,660,199400,660
2008/11/27,670,686,661,682,160600,682
2008/11/28,692,715,682,706,481300,706
2008/12/01,707,710,678,685,230800,685
2008/12/02,665,665,632,636,267900,636
2008/12/03,637,663,637,657,292100,657
2008/12/04,660,672,635,654,336500,654
2008/12/05,655,690,655,676,275300,676
2008/12/08,677,683,645,666,430500,666
2008/12/09,680,693,670,689,360200,689
2008/12/10,693,698,679,685,323800,685
2008/12/11,686,699,680,692,270300,692
2008/12/12,691,697,660,667,433900,667
2008/12/15,673,685,668,679,335200,679
2008/12/16,681,682,641,665,322600,665
2008/12/17,675,683,670,681,510500,681
2008/12/18,699,745,693,727,602500,727
2008/12/19,727,731,681,683,659900,683
2008/12/22,688,703,688,698,182100,698
2008/12/24,680,691,652,658,284200,658
2008/12/25,678,681,653,671,164600,671
2008/12/26,689,689,670,683,83200,683
2008/12/29,693,709,660,706,109300,706
2008/12/30,709,721,692,712,84800,712
2009/01/05,717,739,713,728,66100,728
2009/01/06,730,739,690,694,119000,694
2009/01/07,703,708,692,701,133100,701
2009/01/08,691,707,673,675,158600,675
2009/01/09,676,685,659,677,161000,677
2009/01/13,660,661,635,638,189600,638
2009/01/14,640,651,628,631,106100,631
2009/01/15,621,633,614,621,169700,621
2009/01/16,625,630,612,626,109900,626
2009/01/19,635,642,629,635,65300,635
2009/01/20,620,623,606,612,98000,612
2009/01/21,590,602,586,592,140100,592
2009/01/22,602,603,573,582,169000,582
2009/01/23,561,568,544,551,162200,551
2009/01/26,540,546,527,531,110300,531
2009/01/27,533,547,527,541,165800,541
2009/01/28,542,557,542,551,103900,551
2009/01/29,557,565,548,556,94700,556
2009/01/30,538,555,519,523,161600,523
2009/02/02,523,523,492,494,199700,494
2009/02/03,480,484,453,453,278700,453
2009/02/04,458,479,456,458,269800,458
2009/02/05,445,492,445,490,204000,490
2009/02/06,492,509,491,501,153400,501
2009/02/09,491,499,456,468,131800,468
2009/02/10,472,496,465,488,87700,488
2009/02/12,473,474,457,461,158100,461
2009/02/13,466,500,466,497,223800,497
2009/02/16,487,509,482,505,119800,505
2009/02/17,490,499,477,478,182500,478
2009/02/18,476,482,463,479,74700,479
2009/02/19,476,477,468,471,56500,471
2009/02/20,466,479,449,454,99800,454
2009/02/23,445,445,400,425,149900,425
2009/02/24,415,432,403,426,149200,426
2009/02/25,441,443,419,427,151200,427
2009/02/26,426,439,419,439,161400,439
2009/02/27,430,447,411,443,116800,443
2009/03/02,424,440,424,430,50900,430
2009/03/03,410,422,401,415,127500,415
2009/03/04,410,423,407,415,72300,415
2009/03/05,415,421,408,410,120300,410
2009/03/06,406,408,394,396,159700,396
2009/03/09,392,397,357,357,195300,357
2009/03/10,357,364,337,340,173500,340
2009/03/11,347,370,347,363,197900,363
2009/03/12,352,356,341,351,205600,351
2009/03/13,346,351,345,350,340700,350
2009/03/16,347,371,347,357,284200,357
2009/03/17,358,366,356,362,692900,362
2009/03/18,380,386,357,358,616000,358
2009/03/19,363,368,357,360,161000,360
2009/03/23,363,393,363,393,264900,393
2009/03/24,416,434,415,432,590600,432
2009/03/25,432,457,425,454,351800,454
2009/03/26,440,475,440,469,275300,469
2009/03/27,488,505,470,478,391600,478
2009/03/30,483,487,447,448,213300,448
2009/03/31,438,453,420,423,222900,423
2009/04/01,443,451,432,448,138100,448
2009/04/02,468,497,461,497,352100,497
2009/04/03,512,523,472,486,368300,486
2009/04/06,501,516,489,493,208000,493
2009/04/07,500,517,500,515,262800,515
2009/04/08,498,522,497,516,345000,516
2009/04/09,525,561,525,561,213100,561
2009/04/10,576,580,551,564,200300,564
2009/04/13,564,590,564,587,152100,587
2009/04/14,607,620,590,618,221900,618
2009/04/15,608,612,564,579,193000,579
2009/04/16,589,598,575,582,170000,582
2009/04/17,572,596,562,574,162100,574
2009/04/20,560,565,532,554,143500,554
2009/04/21,524,552,513,547,152200,547
2009/04/22,567,567,537,546,132100,546
2009/04/23,539,571,536,562,111100,562
2009/04/24,569,571,545,558,108000,558
2009/04/27,564,571,542,553,70400,553
2009/04/28,544,565,528,528,105200,528
2009/04/30,545,570,545,559,141200,559
2009/05/01,548,557,536,553,129300,553
2009/05/07,593,594,573,580,206200,580
2009/05/08,568,610,564,608,179600,608
2009/05/11,617,661,611,653,249900,653
2009/05/12,640,655,634,647,170000,647
2009/05/13,637,660,636,652,112600,652
2009/05/14,632,641,622,627,158500,627
2009/05/15,623,644,623,635,92100,635
2009/05/18,628,628,616,616,85800,616
2009/05/19,639,646,626,639,112700,639
2009/05/20,637,676,637,674,183400,674
2009/05/21,661,665,650,657,61900,657
2009/05/22,642,667,640,658,53800,658
2009/05/25,648,705,648,693,180700,693
2009/05/26,687,716,686,706,112100,706
2009/05/27,711,715,678,679,138800,679
2009/05/28,670,718,665,712,144700,712
2009/05/29,708,715,687,690,98000,690
2009/06/01,686,721,678,716,105900,716
2009/06/02,736,736,721,721,98300,721
2009/06/03,711,728,711,720,87100,720
2009/06/04,711,796,711,781,261700,781
2009/06/05,791,815,784,804,179100,804
2009/06/08,805,825,798,803,83400,803
2009/06/09,793,795,760,776,146100,776
2009/06/10,771,868,771,859,280500,859
2009/06/11,861,915,850,897,240600,897
2009/06/12,918,944,918,930,334700,930
2009/06/15,900,903,873,873,340300,873
2009/06/16,850,850,820,822,224500,822
2009/06/17,812,848,808,816,240100,816
2009/06/18,816,824,804,820,223900,820
2009/06/19,824,837,806,807,158700,807
2009/06/22,799,827,794,814,180300,814
2009/06/23,789,790,776,776,126300,776
2009/06/24,777,786,748,772,133500,772
2009/06/25,792,822,783,806,243800,806
2009/06/26,828,830,805,816,158600,816
2009/06/29,826,828,783,789,127700,789
2009/06/30,807,815,797,801,103000,801
2009/07/01,788,800,778,782,197700,782
2009/07/02,785,796,781,786,86400,786
2009/07/03,770,792,764,783,93100,783
2009/07/06,775,780,768,770,87400,770
2009/07/07,770,778,755,758,137200,758
2009/07/08,750,752,720,733,168400,733
2009/07/09,715,744,707,707,112600,707
2009/07/10,713,723,698,705,73000,705
2009/07/13,707,707,635,639,192800,639
2009/07/14,655,682,655,678,96600,678
2009/07/15,699,701,655,661,94300,661
2009/07/16,680,692,663,663,109800,663
2009/07/17,673,706,664,703,123900,703
2009/07/21,710,718,706,711,179600,711
2009/07/22,721,745,713,725,127300,725
2009/07/23,720,743,715,729,101700,729
2009/07/24,750,751,729,736,119600,736
2009/07/27,745,764,745,753,110400,753
2009/07/28,750,757,730,746,81000,746
2009/07/29,716,740,716,733,79400,733
2009/07/30,741,742,715,734,67200,734
2009/07/31,750,750,720,726,129700,726
2009/08/03,737,738,724,729,76500,729
2009/08/04,736,736,710,714,135300,714
2009/08/05,713,716,694,696,122600,696
2009/08/06,686,694,675,679,178700,679
2009/08/07,680,682,671,682,178100,682
2009/08/10,692,701,690,700,97800,700
2009/08/11,690,712,688,700,167700,700
2009/08/12,690,692,686,687,123600,687
2009/08/13,697,700,691,696,80500,696
2009/08/14,689,692,675,687,247300,687
2009/08/17,681,682,647,655,284300,655
2009/08/18,646,659,645,655,185200,655
2009/08/19,655,663,640,645,143300,645
2009/08/20,646,668,646,668,188300,668
2009/08/21,672,672,642,657,145900,657
2009/08/24,680,681,671,676,91300,676
2009/08/25,676,679,670,673,69700,673
2009/08/26,676,677,665,670,105700,670
2009/08/27,665,669,651,666,185500,666
2009/08/28,675,675,654,661,117900,661
2009/08/31,663,673,651,659,102800,659
2009/09/01,649,663,648,662,66900,662
2009/09/02,650,653,645,653,138600,653
2009/09/03,649,649,640,640,81800,640
2009/09/04,641,641,626,626,107900,626
2009/09/07,636,637,630,637,85900,637
2009/09/08,639,643,632,639,69900,639
2009/09/09,639,646,625,644,94800,644
2009/09/10,645,653,640,647,103400,647
2009/09/11,650,654,643,645,181900,645
2009/09/14,646,652,639,649,95700,649
2009/09/15,648,658,644,652,52400,652
2009/09/16,651,658,648,652,80800,652
2009/09/17,658,658,648,655,75800,655
2009/09/18,651,667,647,661,104900,661
2009/09/24,661,671,660,671,185700,671
2009/09/25,660,660,638,643,154500,643
2009/09/28,630,630,606,615,183600,615
2009/09/29,615,630,610,618,226200,618
2009/09/30,612,619,611,616,109500,616
2009/10/01,610,610,592,601,108000,601
2009/10/02,591,597,585,595,102600,595
2009/10/05,585,592,576,585,122700,585
2009/10/06,584,589,577,583,72100,583
2009/10/07,587,603,587,596,127100,596
2009/10/08,609,609,600,601,77800,601
2009/10/09,611,615,604,610,121800,610
2009/10/13,610,631,605,611,190700,611
2009/10/14,617,617,608,611,148600,611
2009/10/15,614,624,612,622,145600,622
2009/10/16,620,625,619,625,86200,625
2009/10/19,610,660,610,659,113800,659
2009/10/20,649,659,649,656,52800,656
2009/10/21,652,656,646,654,43300,654
2009/10/22,644,659,640,659,66400,659
2009/10/23,663,666,655,661,119700,661
2009/10/26,657,676,652,667,104600,667
2009/10/27,661,666,656,662,98600,662
2009/10/28,660,675,660,673,110200,673
2009/10/29,670,687,657,686,227200,686
2009/10/30,685,695,678,686,73100,686
2009/11/02,666,672,659,666,46000,666
2009/11/04,650,657,633,639,85600,639
2009/11/05,629,647,626,632,53000,632
2009/11/06,627,630,620,623,59700,623
2009/11/09,615,624,605,621,38200,621
2009/11/10,623,654,612,641,73900,641
2009/11/11,641,641,620,620,43900,620
2009/11/12,621,632,610,612,52800,612
2009/11/13,608,627,608,615,45000,615
2009/11/16,616,625,611,614,40900,614
2009/11/17,604,608,564,572,159400,572
2009/11/18,573,589,556,579,138400,579
2009/11/19,572,577,551,556,62700,556
2009/11/20,543,564,532,542,151100,542
2009/11/24,546,554,541,545,178600,545
2009/11/25,555,563,545,557,92600,557
2009/11/26,559,578,558,573,51600,573
2009/11/27,563,575,558,565,47700,565
2009/11/30,575,593,565,593,72400,593
2009/12/01,589,619,578,619,80900,619
2009/12/02,609,629,599,614,54100,614
2009/12/03,624,645,624,641,77500,641
2009/12/04,645,650,634,645,31400,645
2009/12/07,656,664,642,645,54300,645
2009/12/08,630,639,630,633,50800,633
2009/12/09,623,633,618,627,45900,627
2009/12/10,617,631,600,607,57700,607
2009/12/11,607,639,604,633,134300,633
2009/12/14,627,634,619,631,43700,631
2009/12/15,623,631,616,621,30500,621
2009/12/16,640,643,620,635,46200,635
2009/12/17,640,640,632,638,27900,638
2009/12/18,643,643,626,640,35200,640
2009/12/21,638,645,630,631,33900,631
2009/12/22,624,635,620,628,54900,628
2009/12/24,632,636,631,636,39900,636
2009/12/25,637,637,625,631,47000,631
2009/12/28,637,640,627,627,26000,627
2009/12/29,629,637,629,632,17800,632
2009/12/30,633,636,622,622,38000,622
2010/01/04,619,631,602,617,30400,617
2010/01/05,621,626,611,612,56400,612
2010/01/06,611,619,605,615,68000,615
2010/01/07,615,627,614,625,99900,625
2010/01/08,619,643,619,626,57200,626
2010/01/12,632,640,626,637,88900,637
2010/01/13,630,639,623,623,75400,623
2010/01/14,620,631,620,627,111100,627
2010/01/15,627,631,619,624,107000,624
2010/01/18,614,616,607,611,92200,611
2010/01/19,607,610,589,594,94200,594
2010/01/20,610,610,586,591,76600,591
2010/01/21,584,595,572,592,75700,592
2010/01/22,573,585,572,585,82600,585
2010/01/25,586,594,575,587,65100,587
2010/01/26,594,614,585,592,97900,592
2010/01/27,582,592,575,575,46400,575
2010/01/28,575,589,573,585,33800,585
2010/01/29,588,588,570,571,70800,571
2010/02/01,561,565,552,560,53700,560
2010/02/02,561,575,559,564,38500,564
2010/02/03,565,580,565,571,39400,571
2010/02/04,577,577,562,570,54500,570
2010/02/05,554,554,543,546,70400,546
2010/02/08,542,554,540,546,37900,546
2010/02/09,538,551,538,545,27800,545
2010/02/10,543,550,538,538,54000,538
2010/02/12,539,556,539,556,48600,556
2010/02/15,566,567,541,541,42500,541
2010/02/16,547,547,535,535,22000,535
2010/02/17,545,553,537,543,48900,543
2010/02/18,543,548,540,543,26900,543
2010/02/19,544,550,532,534,51500,534
2010/02/22,540,551,531,545,58000,545
2010/02/23,550,555,544,554,44400,554
2010/02/24,554,559,548,552,46200,552
2010/02/25,562,569,555,568,92600,568
2010/02/26,574,593,571,589,68000,589
2010/03/01,584,593,582,587,31400,587
2010/03/02,582,585,576,582,33600,582
2010/03/03,584,594,580,586,38600,586
2010/03/04,582,584,571,571,32600,571
2010/03/05,571,588,571,584,34200,584
2010/03/08,600,604,590,601,51200,601
2010/03/09,598,601,595,597,23800,597
2010/03/10,601,604,599,600,27900,600
2010/03/11,600,605,599,603,23800,603
2010/03/12,601,603,590,601,89900,601
2010/03/15,603,614,603,613,47100,613
2010/03/16,610,621,609,610,33500,610
2010/03/17,617,623,615,622,51100,622
2010/03/18,622,626,620,622,31200,622
2010/03/19,622,624,616,622,33400,622
2010/03/23,615,630,615,628,53800,628
2010/03/24,634,634,624,629,59600,629
2010/03/25,636,638,628,632,116900,632
2010/03/26,635,645,631,644,127400,644
2010/03/29,634,637,620,633,50000,633
2010/03/30,634,642,631,641,56100,641
2010/03/31,640,643,625,639,59900,639
2010/04/01,633,636,621,628,68500,628
2010/04/02,624,628,616,617,98000,617
2010/04/05,620,636,620,636,71000,636
2010/04/06,631,641,631,638,67400,638
2010/04/07,645,668,640,660,104600,660
2010/04/08,660,668,658,659,55300,659
2010/04/09,665,667,661,666,52400,666
2010/04/12,666,671,662,663,38800,663
2010/04/13,661,665,658,664,58700,664
2010/04/14,661,665,659,663,35600,663
2010/04/15,664,667,662,666,26300,666
2010/04/16,670,670,656,660,60200,660
2010/04/19,640,656,640,653,73700,653
2010/04/20,654,669,654,662,82500,662
2010/04/21,663,677,652,674,135400,674
2010/04/22,669,674,656,664,64700,664
2010/04/23,660,676,660,673,58200,673
2010/04/26,684,693,683,690,101600,690
2010/04/27,686,686,673,677,58000,677
2010/04/28,670,673,664,668,55800,668
2010/04/30,669,680,669,679,76200,679
2010/05/06,663,664,625,637,99900,637
2010/05/07,607,625,604,618,75600,618
2010/05/10,602,615,600,613,70800,613
2010/05/11,623,628,612,614,36800,614
2010/05/12,610,612,598,601,62700,601
2010/05/13,602,613,602,611,18800,611
2010/05/14,609,610,594,604,45500,604
2010/05/17,591,598,590,590,29100,590
2010/05/18,586,588,579,582,36300,582
2010/05/19,580,581,565,574,40600,574
2010/05/20,566,571,552,563,55700,563
2010/05/21,550,590,545,560,74000,560
2010/05/24,550,578,550,573,43300,573
2010/05/25,579,600,576,590,146800,590
2010/05/26,585,590,567,572,63000,572
2010/05/27,570,593,565,585,47700,585
2010/05/28,595,598,584,588,44400,588
2010/05/31,585,600,585,593,27100,593
2010/06/01,600,610,592,606,35400,606
2010/06/02,606,617,595,608,42200,608
2010/06/03,609,615,604,614,19700,614
2010/06/04,616,619,614,617,34900,617
2010/06/07,600,600,587,587,22600,587
2010/06/08,590,600,590,598,27900,598
2010/06/09,598,602,588,592,42200,592
2010/06/10,585,602,585,601,25400,601
2010/06/11,615,626,606,620,123900,620
2010/06/14,625,625,615,617,19100,617
2010/06/15,616,623,607,608,33600,608
2010/06/16,611,622,611,619,33500,619
2010/06/17,611,619,611,616,12900,616
2010/06/18,612,619,603,606,40400,606
2010/06/21,603,621,601,618,30200,618
2010/06/22,610,623,609,623,24000,623
2010/06/23,613,618,605,607,24600,607
2010/06/24,607,607,603,605,24100,605
2010/06/25,600,610,589,600,45800,600
2010/06/28,606,609,597,598,22100,598
2010/06/29,595,604,594,597,25400,597
2010/06/30,584,595,580,595,36800,595
2010/07/01,585,592,575,575,30400,575
2010/07/02,570,575,570,573,31300,573
2010/07/05,573,593,573,586,28500,586
2010/07/06,579,592,577,588,36500,588
2010/07/07,584,598,582,594,44700,594
2010/07/08,604,609,592,608,22300,608
2010/07/09,608,613,602,607,31900,607
2010/07/12,598,619,598,609,23000,609
2010/07/13,607,612,602,602,27800,602
2010/07/14,608,615,605,612,22300,612
2010/07/15,603,607,593,593,32600,593
2010/07/16,593,595,583,588,28200,588
2010/07/20,575,579,570,573,36800,573
2010/07/21,573,575,556,556,60500,556
2010/07/22,550,578,550,571,54800,571
2010/07/23,591,600,583,593,76400,593
2010/07/26,599,604,592,592,30400,592
2010/07/27,592,597,587,591,23100,591
2010/07/28,594,602,592,600,42000,600
2010/07/29,587,598,586,589,17500,589
2010/07/30,590,590,575,575,32900,575
2010/08/02,575,580,565,569,30600,569
2010/08/03,572,584,572,575,25900,575
2010/08/04,570,570,558,560,37300,560
2010/08/05,570,575,567,574,18900,574
2010/08/06,570,577,570,575,15100,575
2010/08/09,572,581,570,581,18100,581
2010/08/10,580,584,576,578,11500,578
2010/08/11,570,575,561,562,39900,562
2010/08/12,555,565,551,565,25800,565
2010/08/13,566,569,556,568,12900,568
2010/08/16,577,579,565,574,16700,574
2010/08/17,566,570,562,567,11800,567
2010/08/18,574,576,564,575,18400,575
2010/08/19,576,589,572,586,24500,586
2010/08/20,573,583,567,567,21500,567
2010/08/23,558,568,555,562,30500,562
2010/08/24,562,566,556,564,41800,564
2010/08/25,560,579,553,559,39600,559
2010/08/26,565,571,553,566,23500,566
2010/08/27,560,586,560,585,35200,585
2010/08/30,595,603,574,586,25400,586
2010/08/31,576,576,560,561,25000,561
2010/09/01,563,570,561,569,33300,569
2010/09/02,579,579,562,568,24700,568
2010/09/03,566,577,565,567,11200,567
2010/09/06,572,585,572,585,15800,585
2010/09/07,577,582,575,577,17900,577
2010/09/08,567,571,566,569,21500,569
2010/09/09,573,573,554,568,42500,568
2010/09/10,578,585,560,569,77100,569
2010/09/13,569,573,564,566,20900,566
2010/09/14,562,565,560,565,21600,565
2010/09/15,561,573,561,564,40400,564
2010/09/16,565,568,563,568,24000,568
2010/09/17,566,573,566,569,26800,569
2010/09/21,573,575,565,565,27000,565
2010/09/22,564,571,562,568,24500,568
2010/09/24,569,579,564,576,71300,576
2010/09/27,576,584,569,584,48600,584
2010/09/28,576,590,554,586,57400,586
2010/09/29,582,592,581,592,44200,592
2010/09/30,592,592,571,580,40700,580
2010/10/01,576,576,562,564,20600,564
2010/10/04,564,564,545,545,21700,545
2010/10/05,538,551,517,549,53100,549
2010/10/06,550,555,542,555,43300,555
2010/10/07,548,570,547,570,46800,570
2010/10/08,572,586,569,582,46600,582
2010/10/12,583,590,551,561,58700,561
2010/10/13,562,562,544,544,42700,544
2010/10/14,546,563,545,558,45500,558
2010/10/15,550,551,544,544,30200,544
2010/10/18,544,556,541,554,16000,554
2010/10/19,546,555,546,549,21300,549
2010/10/20,540,541,525,528,51500,528
2010/10/21,525,535,511,512,54500,512
2010/10/22,505,509,502,504,51100,504
2010/10/25,512,513,497,503,84100,503
2010/10/26,493,505,492,497,58400,497
2010/10/27,496,498,488,488,25400,488
2010/10/28,488,488,475,475,39300,475
2010/10/29,451,458,442,456,58000,456
2010/11/01,450,452,437,437,62700,437
2010/11/02,431,437,427,435,52700,435
2010/11/04,443,466,438,450,95300,450
2010/11/05,460,493,460,491,103000,491
2010/11/08,496,502,482,502,64800,502
2010/11/09,496,510,495,507,43600,507
2010/11/10,501,527,501,525,68400,525
2010/11/11,520,533,520,530,38100,530
2010/11/12,530,530,518,524,32800,524
2010/11/15,525,532,522,526,24000,526
2010/11/16,530,531,521,527,49800,527
2010/11/17,517,526,493,523,35500,523
2010/11/18,514,547,514,545,56300,545
2010/11/19,560,564,547,564,46900,564
2010/11/22,569,572,553,557,61900,557
2010/11/24,548,562,542,556,45300,556
2010/11/25,561,580,546,555,76400,555
2010/11/26,547,564,547,547,44800,547
2010/11/29,551,571,551,569,42000,569
2010/11/30,565,565,548,548,35400,548
2010/12/01,548,555,545,553,37200,553
2010/12/02,563,566,558,560,37600,560
2010/12/03,563,567,556,559,30300,559
2010/12/06,564,565,559,564,27000,564
2010/12/07,564,571,561,571,29800,571
2010/12/08,574,580,572,580,50700,580
2010/12/09,579,591,576,587,40300,587
2010/12/10,605,606,592,602,141200,602
2010/12/13,597,606,592,606,46700,606
2010/12/14,610,636,610,635,79500,635
2010/12/15,635,639,630,638,69300,638
2010/12/16,631,645,631,638,86000,638
2010/12/17,628,643,628,638,90300,638
2010/12/20,638,645,630,638,72400,638
2010/12/21,637,644,636,638,55500,638
2010/12/22,640,642,613,617,74600,617
2010/12/24,610,614,609,611,48900,611
2010/12/27,611,618,610,615,29600,615
2010/12/28,610,623,610,616,23300,616
2010/12/29,610,623,610,622,18800,622
2010/12/30,615,623,615,615,17900,615
2011/01/04,620,629,611,622,39500,622
2011/01/05,624,629,618,627,36400,627
2011/01/06,630,649,630,648,40700,648
2011/01/07,650,650,641,641,39600,641
2011/01/11,642,643,634,637,32600,637
2011/01/12,635,645,634,636,49000,636
2011/01/13,636,643,633,634,27900,634
2011/01/14,635,642,633,634,33900,634
2011/01/17,639,639,634,637,33600,637
2011/01/18,637,657,637,648,87200,648
2011/01/19,650,664,647,652,62800,652
2011/01/20,647,649,642,649,35100,649
2011/01/21,641,649,616,616,71000,616
2011/01/24,619,628,613,628,50100,628
2011/01/25,629,648,627,645,51500,645
2011/01/26,646,647,637,637,27200,637
2011/01/27,638,642,631,636,29500,636
2011/01/28,634,634,620,625,37100,625
2011/01/31,605,616,605,610,31800,610
2011/02/01,610,616,610,611,34600,611
2011/02/02,612,639,612,631,45600,631
2011/02/03,621,625,616,619,43800,619
2011/02/04,620,626,617,617,41500,617
2011/02/07,627,627,620,627,22300,627
2011/02/08,629,652,627,627,47400,627
2011/02/09,633,642,609,619,63500,619
2011/02/10,613,622,611,616,20700,616
2011/02/14,624,627,622,626,17900,626
2011/02/15,622,628,620,624,27300,624
2011/02/16,621,630,621,627,27100,627
2011/02/17,630,638,628,635,45900,635
2011/02/18,631,636,626,627,16800,627
2011/02/21,627,629,625,628,13900,628
2011/02/22,620,624,612,612,54900,612
2011/02/23,611,623,611,611,30300,611
2011/02/24,611,617,610,610,57000,610
2011/02/25,614,619,610,618,36300,618
2011/02/28,619,629,614,622,41300,622
2011/03/01,622,635,620,620,52800,620
2011/03/02,610,615,600,600,81100,600
2011/03/03,602,612,601,602,25200,602
2011/03/04,603,612,602,604,55000,604
2011/03/07,604,605,591,597,68300,597
2011/03/08,593,608,593,602,30500,602
2011/03/09,603,620,603,610,39400,610
2011/03/10,613,613,596,596,29200,596
2011/03/11,601,601,585,585,133500,585
2011/03/14,485,538,485,516,93600,516
2011/03/15,506,506,416,440,134400,440
2011/03/16,436,512,436,497,143300,497
2011/03/17,470,502,465,499,94900,499
2011/03/18,505,539,501,531,101000,531
2011/03/22,546,562,534,548,94200,548
2011/03/23,547,561,542,552,50200,552
2011/03/24,546,559,546,546,54100,546
2011/03/25,564,569,558,565,74400,565
2011/03/28,568,582,564,572,63000,572
2011/03/29,559,566,542,555,78800,555
2011/03/30,555,562,545,562,48000,562
2011/03/31,561,565,555,565,56300,565
2011/04/01,562,567,555,555,21900,555
2011/04/04,550,553,544,547,26200,547
2011/04/05,539,539,512,522,57000,522
2011/04/06,512,515,500,502,46800,502
2011/04/07,502,513,500,502,29400,502
2011/04/08,500,522,494,517,50700,517
2011/04/11,522,525,506,506,35400,506
2011/04/12,496,512,494,496,43300,496
2011/04/13,490,510,490,500,27100,500
2011/04/14,498,509,493,504,27500,504
2011/04/15,504,510,500,500,15200,500
2011/04/18,500,503,491,500,19300,500
2011/04/19,493,504,490,498,24200,498
2011/04/20,500,515,495,504,38100,504
2011/04/21,505,505,497,497,19300,497
2011/04/22,496,504,494,503,23500,503
2011/04/25,513,514,500,505,42700,505
2011/04/26,510,510,500,500,25300,500
2011/04/27,500,504,491,493,28200,493
2011/04/28,501,509,500,505,34000,505
2011/05/02,501,509,501,505,38000,505
2011/05/06,500,508,500,506,14600,506
2011/05/09,508,508,497,501,21000,501
2011/05/10,501,506,498,500,22300,500
2011/05/11,500,503,495,497,28700,497
2011/05/12,493,494,491,491,17000,491
2011/05/13,489,489,473,480,51400,480
2011/05/16,481,482,460,469,34700,469
2011/05/17,464,476,464,471,19000,471
2011/05/18,472,479,469,473,25300,473
2011/05/19,472,485,468,468,19400,468
2011/05/20,471,473,467,467,9700,467
2011/05/23,468,468,457,458,21700,458
2011/05/24,457,459,446,456,36300,456
2011/05/25,463,470,457,463,48700,463
2011/05/26,463,465,458,459,19700,459
2011/05/27,459,459,450,450,33500,450
2011/05/30,448,456,447,454,24200,454
2011/05/31,454,459,443,443,33600,443
2011/06/01,445,453,445,452,34000,452
2011/06/02,444,457,444,453,35800,453
2011/06/03,452,458,445,445,33000,445
2011/06/06,442,448,442,446,19100,446
2011/06/07,445,454,444,451,26100,451
2011/06/08,450,457,448,448,46300,448
2011/06/09,445,450,440,442,35800,442
2011/06/10,458,485,454,460,144000,460
2011/06/13,453,463,451,456,23500,456
2011/06/14,458,480,458,477,28300,477
2011/06/15,477,477,461,467,11800,467
2011/06/16,459,463,457,457,26500,457
2011/06/17,455,455,440,440,54900,440
2011/06/20,434,440,432,432,47300,432
2011/06/21,433,445,433,445,20700,445
2011/06/22,447,458,444,454,46000,454
2011/06/23,446,462,445,456,40300,456
2011/06/24,460,473,460,471,41000,471
2011/06/27,473,478,470,471,32700,471
2011/06/28,471,481,471,481,17600,481
2011/06/29,488,492,482,489,32100,489
2011/06/30,492,495,484,495,38000,495
2011/07/01,500,501,495,497,27700,497
2011/07/04,500,510,500,508,27800,508
2011/07/05,498,501,492,495,44200,495
2011/07/06,491,497,483,493,54700,493
2011/07/07,492,499,487,496,19700,496
2011/07/08,500,508,500,501,31300,501
2011/07/11,497,501,497,498,26900,498
2011/07/12,489,497,485,490,29200,490
2011/07/13,485,500,485,496,29600,496
2011/07/14,490,498,490,490,14400,490
2011/07/15,490,496,490,493,12400,493
2011/07/19,487,494,478,478,38700,478
2011/07/20,472,483,472,477,31300,477
2011/07/21,476,481,474,474,15800,474
2011/07/22,479,480,458,471,108300,471
2011/07/25,471,474,462,464,47100,464
2011/07/26,465,472,465,467,28400,467
2011/07/27,463,463,452,458,73600,458
2011/07/28,452,469,442,448,133400,448
2011/07/29,445,449,438,438,98400,438
2011/08/01,440,444,438,439,63000,439
2011/08/02,437,439,433,433,54900,433
2011/08/03,425,429,422,426,64800,426
2011/08/04,427,428,421,422,83400,422
2011/08/05,413,418,402,418,108100,418
2011/08/08,408,415,402,403,77100,403
2011/08/09,395,412,374,398,175400,398
2011/08/10,405,409,395,405,111500,405
2011/08/11,395,414,393,413,84500,413
2011/08/12,420,420,408,412,38400,412
2011/08/15,419,419,409,413,36500,413
2011/08/16,411,421,411,419,38900,419
2011/08/17,418,418,407,410,75300,410
2011/08/18,411,417,407,414,45000,414
2011/08/19,406,408,404,405,52600,405
2011/08/22,402,408,402,402,31000,402
2011/08/23,407,427,407,421,64600,421
2011/08/24,423,432,423,425,37000,425
2011/08/25,433,441,429,438,56900,438
2011/08/26,442,443,434,442,35600,442
2011/08/29,445,448,440,444,24500,444
2011/08/30,446,454,446,454,31800,454
2011/08/31,451,457,451,454,36000,454
2011/09/01,450,455,442,444,39000,444
2011/09/02,440,442,433,440,27600,440
2011/09/05,435,435,426,433,18900,433
2011/09/06,429,431,426,430,36500,430
2011/09/07,425,440,425,439,28300,439
2011/09/08,443,443,436,440,22000,440
2011/09/09,437,453,437,453,88000,453
2011/09/12,445,445,435,443,24500,443
2011/09/13,439,446,437,438,31700,438
2011/09/14,441,448,436,440,37800,440
2011/09/15,443,448,439,446,23600,446
2011/09/16,450,463,450,463,64500,463
2011/09/20,450,454,441,448,34100,448
2011/09/21,450,450,441,442,29500,442
2011/09/22,443,443,427,440,58800,440
2011/09/26,440,440,430,434,30800,434
2011/09/27,437,445,437,445,48300,445
2011/09/28,436,457,436,456,57700,456
2011/09/29,448,461,447,461,57500,461
2011/09/30,462,462,449,461,40100,461
2011/10/03,437,443,433,433,38400,433
2011/10/04,422,454,422,448,55900,448
2011/10/05,445,445,428,428,41700,428
2011/10/06,427,437,427,427,33200,427
2011/10/07,427,440,427,435,25600,435
2011/10/11,443,454,443,454,31700,454
2011/10/12,447,455,447,452,26100,452
2011/10/13,456,458,450,450,14700,450
2011/10/14,447,449,431,431,24700,431
2011/10/17,443,448,431,445,23200,445
2011/10/18,441,455,437,454,30500,454
2011/10/19,454,454,447,451,27900,451
2011/10/20,445,457,443,457,36300,457
2011/10/21,457,460,453,453,20500,453
2011/10/24,455,462,450,462,26300,462
2011/10/25,465,466,459,459,43500,459
2011/10/26,460,460,449,449,20200,449
2011/10/27,450,464,448,463,29200,463
2011/10/28,473,495,465,465,60500,465
2011/10/31,464,470,457,460,25300,460
2011/11/01,450,451,443,445,20600,445
2011/11/02,441,444,435,440,36200,440
2011/11/04,446,451,442,445,8700,445
2011/11/07,438,445,436,439,21200,439
2011/11/08,434,438,419,419,24600,419
2011/11/09,419,435,419,420,38500,420
2011/11/10,413,416,405,414,45900,414
2011/11/11,410,419,408,410,33300,410
2011/11/14,414,417,408,408,13500,408
2011/11/15,407,412,407,411,12400,411
2011/11/16,410,410,403,404,31000,404
2011/11/17,404,404,395,401,26400,401
2011/11/18,395,399,395,397,17500,397
2011/11/21,392,397,392,396,17800,396
2011/11/22,381,392,381,386,42900,386
2011/11/24,379,385,376,376,35700,376
2011/11/25,379,383,376,376,65300,376
2011/11/28,381,389,370,375,78100,375
2011/11/29,383,393,381,385,47800,385
2011/11/30,390,395,380,381,54100,381
2011/12/01,391,402,391,396,39500,396
2011/12/02,399,399,392,393,22400,393
2011/12/05,393,398,390,393,27900,393
2011/12/06,392,394,380,380,44300,380
2011/12/07,380,390,380,386,19900,386
2011/12/08,389,389,386,389,18400,389
2011/12/09,391,399,384,393,119300,393
2011/12/12,393,398,393,393,23800,393
2011/12/13,386,387,383,383,51000,383
2011/12/14,383,384,377,377,62800,377
2011/12/15,376,376,365,367,70500,367
2011/12/16,365,367,353,355,59600,355
2011/12/19,353,353,345,347,69800,347
2011/12/20,346,346,343,344,61600,344
2011/12/21,345,345,342,344,125700,344
2011/12/22,343,347,343,344,95100,344
2011/12/26,347,350,344,344,65100,344
2011/12/27,343,346,342,343,42700,343
2011/12/28,344,346,334,335,63800,335
2011/12/29,340,340,327,330,85400,330
2011/12/30,334,334,328,329,62000,329
2012/01/04,337,343,334,340,163300,340
2012/01/05,338,342,335,339,48800,339
2012/01/06,334,340,334,336,33500,336
2012/01/10,340,341,337,339,49700,339
2012/01/11,339,346,338,341,51900,341
2012/01/12,340,344,335,335,50400,335
2012/01/13,334,348,334,341,40700,341
2012/01/16,335,341,334,336,45600,336
2012/01/17,335,344,335,341,36100,341
2012/01/18,343,349,339,345,57900,345
2012/01/19,352,356,345,349,94900,349
2012/01/20,357,364,354,360,117800,360
2012/01/23,376,386,373,381,181400,381
2012/01/24,380,384,378,384,83500,384
2012/01/25,384,400,382,398,137300,398
2012/01/26,402,402,388,395,80800,395
2012/01/27,389,399,384,394,65700,394
2012/01/30,393,396,384,387,74300,387
2012/01/31,387,390,383,383,81200,383
2012/02/01,382,390,382,386,24300,386
2012/02/02,393,397,389,394,40100,394
2012/02/03,399,401,397,397,38700,397
2012/02/06,403,405,397,401,36300,401
2012/02/07,405,407,403,404,40900,404
2012/02/08,406,406,400,404,68000,404
2012/02/09,407,409,402,403,106000,403
2012/02/10,403,407,400,401,76600,401
2012/02/13,399,426,399,425,125200,425
2012/02/14,423,429,417,428,105600,428
2012/02/15,437,446,431,442,116100,442
2012/02/16,440,448,432,436,78800,436
2012/02/17,443,448,439,439,72000,439
2012/02/20,444,449,442,447,49800,447
2012/02/21,447,450,443,445,44800,445
2012/02/22,446,460,444,460,85200,460
2012/02/23,468,515,466,506,383300,506
2012/02/24,520,546,517,546,392300,546
2012/02/27,552,576,552,553,432500,553
2012/02/28,541,570,540,569,286100,569
2012/02/29,579,585,561,561,267700,561
2012/03/01,560,574,541,542,242100,542
2012/03/02,552,558,545,555,157000,555
2012/03/05,558,563,546,552,108700,552
2012/03/06,550,558,542,544,65200,544
2012/03/07,530,541,530,537,128000,537
2012/03/08,547,553,541,543,186000,543
2012/03/09,548,558,544,557,284400,557
2012/03/12,574,584,570,575,242800,575
2012/03/13,572,584,572,574,203500,574
2012/03/14,590,607,590,596,310100,596
2012/03/15,603,618,600,614,361600,614
2012/03/16,620,622,604,608,286300,608
2012/03/19,618,639,615,630,191300,630
2012/03/21,627,645,621,624,193300,624
2012/03/22,614,631,610,625,155800,625
2012/03/23,618,618,608,609,128700,609
2012/03/26,608,614,586,587,143000,587
2012/03/27,605,620,600,620,182200,620
2012/03/28,607,617,600,609,139200,609
2012/03/29,604,608,593,597,92600,597
2012/03/30,592,594,573,582,191800,582
2012/04/02,584,595,575,575,164000,575
2012/04/03,576,581,556,559,141300,559
2012/04/04,563,567,537,538,212900,538
2012/04/05,533,551,525,543,182200,543
2012/04/06,542,542,531,537,70800,537
2012/04/09,521,526,515,518,116100,518
2012/04/10,518,539,513,515,119100,515
2012/04/11,500,504,492,498,157700,498
2012/04/12,515,519,503,514,134300,514
2012/04/13,530,541,529,537,120400,537
2012/04/16,524,534,510,511,103000,511
2012/04/17,507,516,505,510,79400,510
2012/04/18,525,530,520,522,107900,522
2012/04/19,514,518,500,505,82800,505
2012/04/20,501,505,500,503,88300,503
2012/04/23,505,508,485,487,120100,487
2012/04/24,479,480,471,477,102900,477
2012/04/25,484,493,476,490,134400,490
2012/04/26,488,492,481,485,55700,485
2012/04/27,481,491,462,466,125600,466
2012/05/01,450,451,429,431,199300,431
2012/05/02,441,459,441,455,186200,455
2012/05/07,431,441,431,432,145400,432
2012/05/08,436,443,426,435,76900,435
2012/05/09,427,433,407,408,121300,408
2012/05/10,405,424,403,419,88400,419
2012/05/11,418,425,402,406,134200,406
2012/05/14,403,409,398,399,77300,399
2012/05/15,385,403,381,396,99800,396
2012/05/16,401,403,384,388,90400,388
2012/05/17,388,413,384,411,121600,411
2012/05/18,387,395,383,387,196100,387
2012/05/21,390,404,385,398,120400,398
2012/05/22,406,415,402,410,138700,410
2012/05/23,418,418,391,394,127100,394
2012/05/24,392,401,384,393,104600,393
2012/05/25,398,405,393,401,133600,401
2012/05/28,402,402,385,400,138700,400
2012/05/29,392,397,389,395,106500,395
2012/05/30,400,404,387,391,115000,391
2012/05/31,383,389,382,386,76300,386
2012/06/01,382,385,374,376,95800,376
2012/06/04,361,366,361,362,89500,362
2012/06/05,369,371,361,369,164200,369
2012/06/06,377,401,373,399,117600,399
2012/06/07,415,421,407,421,168900,421
2012/06/08,425,425,406,411,182300,411
2012/06/11,420,428,418,420,79300,420
2012/06/12,410,422,406,415,60900,415
2012/06/13,422,422,409,417,71300,417
2012/06/14,413,417,408,412,76500,412
2012/06/15,416,425,406,425,97700,425
2012/06/18,433,443,427,435,87700,435
2012/06/19,434,434,421,422,64600,422
2012/06/20,433,435,427,435,62700,435
2012/06/21,440,445,436,440,101800,440
2012/06/22,427,437,427,434,77100,434
2012/06/25,434,438,427,427,68400,427
2012/06/26,420,431,415,417,69900,417
2012/06/27,420,433,417,433,56400,433
2012/06/28,434,444,434,441,63200,441
2012/06/29,440,453,437,450,87500,450
2012/07/02,458,470,455,459,113800,459
2012/07/03,458,464,454,457,79400,457
2012/07/04,461,463,451,452,64500,452
2012/07/05,445,460,445,448,59600,448
2012/07/06,442,447,430,433,97800,433
2012/07/09,426,432,423,424,55700,424
2012/07/10,424,426,415,416,64500,416
2012/07/11,411,415,405,411,69700,411
2012/07/12,408,413,400,400,68800,400
2012/07/13,393,403,393,395,92300,395
2012/07/17,403,408,391,391,66900,391
2012/07/18,388,406,387,387,70800,387
2012/07/19,400,406,397,400,85900,400
2012/07/20,400,402,385,387,58800,387
2012/07/23,380,382,375,375,66800,375
2012/07/24,375,385,370,381,49000,381
2012/07/25,377,382,363,366,122800,366
2012/07/26,373,376,366,374,55800,374
2012/07/27,390,392,382,387,109600,387
2012/07/30,391,394,380,385,62100,385
2012/07/31,381,391,379,386,45400,386
2012/08/01,383,385,373,374,48900,374
2012/08/02,374,382,370,375,67000,375
2012/08/03,370,373,365,367,47600,367
2012/08/06,380,385,374,380,61600,380
2012/08/07,381,396,380,393,71700,393
2012/08/08,399,399,385,389,59100,389
2012/08/09,389,390,382,385,64700,385
2012/08/10,385,389,380,386,39800,386
2012/08/13,388,391,385,389,25400,389
2012/08/14,389,394,386,393,45100,393
2012/08/15,393,393,385,387,43500,387
2012/08/16,388,397,388,397,38400,397
2012/08/17,410,412,403,412,95100,412
2012/08/20,413,415,405,406,38700,406
2012/08/21,401,411,401,409,53500,409
2012/08/22,409,409,400,408,50900,408
2012/08/23,404,413,401,413,53500,413
2012/08/24,410,415,404,413,120300,413
2012/08/27,415,417,410,413,61400,413
2012/08/28,409,412,390,396,83100,396
2012/08/29,391,399,391,396,37400,396
2012/08/30,394,395,391,391,45700,391
2012/08/31,386,396,384,385,53600,385
2012/09/03,382,395,380,382,57600,382
2012/09/04,384,391,383,384,49700,384
2012/09/05,383,384,375,378,52600,378
2012/09/06,374,382,374,379,39100,379
2012/09/07,403,403,392,396,55100,396
2012/09/10,393,397,389,397,22300,397
2012/09/11,389,397,388,395,48600,395
2012/09/12,394,400,394,400,33200,400
2012/09/13,404,408,400,407,45300,407
2012/09/14,415,417,410,411,153000,411
2012/09/18,415,416,408,411,171700,411
2012/09/19,409,424,409,419,108400,419
2012/09/20,415,422,404,404,71200,404
2012/09/21,398,405,398,402,67000,402
2012/09/24,405,407,402,406,47600,406
2012/09/25,402,414,402,414,107700,414
2012/09/26,400,405,397,400,72800,400
2012/09/27,397,401,392,398,43800,398
2012/09/28,398,399,385,389,49400,389
2012/10/01,385,386,379,382,48900,382
2012/10/02,381,388,380,381,44700,381
2012/10/03,379,384,372,375,62100,375
2012/10/04,380,385,376,384,52300,384
2012/10/05,380,384,377,383,46100,383
2012/10/09,382,384,375,375,65200,375
2012/10/10,373,374,365,366,47500,366
2012/10/11,364,369,363,366,45000,366
2012/10/12,366,371,366,367,30000,367
2012/10/15,368,374,364,372,43900,372
2012/10/16,375,396,375,390,51200,390
2012/10/17,396,400,390,395,71800,395
2012/10/18,401,405,396,404,60000,404
2012/10/19,404,413,403,413,79400,413
2012/10/22,405,414,404,412,97200,412
2012/10/23,415,415,407,411,43200,411
2012/10/24,407,411,407,409,44300,409
2012/10/25,406,414,405,414,75500,414
2012/10/26,419,422,410,414,115400,414
2012/10/29,410,415,407,410,54700,410
2012/10/30,414,419,406,408,122800,408
2012/10/31,407,420,407,416,71200,416
2012/11/01,411,427,411,425,97200,425
2012/11/02,430,460,429,451,145400,451
2012/11/05,451,451,445,446,57700,446
2012/11/06,446,446,435,437,49100,437
2012/11/07,434,449,434,446,78700,446
2012/11/08,436,441,436,437,39700,437
2012/11/09,429,429,422,427,61100,427
2012/11/12,425,429,420,420,31500,420
2012/11/13,413,431,412,424,78200,424
2012/11/14,422,442,422,439,70200,439
2012/11/15,444,457,443,455,83000,455
2012/11/16,463,474,459,473,135200,473
2012/11/19,479,484,477,479,127100,479
2012/11/20,484,484,464,471,125900,471
2012/11/21,471,471,462,470,96700,470
2012/11/22,478,485,474,484,169200,484
2012/11/26,496,499,486,487,110600,487
2012/11/27,477,487,474,477,120700,477
2012/11/28,480,482,455,459,150300,459
2012/11/29,474,474,462,464,70900,464
2012/11/30,471,471,457,460,127000,460
2012/12/03,457,465,457,458,106100,458
2012/12/04,453,465,453,461,75100,461
2012/12/05,459,475,456,474,90400,474
2012/12/06,477,489,475,488,107500,488
2012/12/07,497,498,487,497,136900,497
2012/12/10,502,502,484,485,89400,485
2012/12/11,483,483,470,471,74200,471
2012/12/12,469,483,469,480,65800,480
2012/12/13,494,504,485,488,179400,488
2012/12/14,488,505,488,500,145700,500
2012/12/17,510,519,507,513,132800,513
2012/12/18,518,550,516,543,249900,543
2012/12/19,566,570,550,560,280500,560
2012/12/20,560,575,550,564,265000,564
2012/12/21,573,578,541,552,250700,552
2012/12/25,562,570,560,563,135100,563
2012/12/26,557,593,557,587,204900,587
2012/12/27,600,619,590,599,245200,599
2012/12/28,604,607,589,605,271900,605
2013/01/04,625,635,617,628,243400,628
2013/01/07,640,640,610,618,355600,618
2013/01/08,618,625,598,603,275000,603
2013/01/09,585,622,585,618,238900,618
2013/01/10,624,628,606,609,190800,609
2013/01/11,619,619,600,605,144700,605
2013/01/15,611,622,608,612,148200,612
2013/01/16,614,614,590,593,135200,593
2013/01/17,593,596,561,579,201000,579
2013/01/18,606,614,601,613,184500,613
2013/01/21,613,638,607,635,296800,635
2013/01/22,626,630,599,603,362000,603
2013/01/23,601,605,590,593,226500,593
2013/01/24,593,615,592,615,138100,615
2013/01/25,621,630,621,629,175900,629
2013/01/28,637,692,631,668,699500,668
2013/01/29,678,703,660,671,402600,671
2013/01/30,698,715,686,702,465400,702
2013/01/31,702,755,701,753,664400,753
2013/02/01,766,792,748,767,611900,767
2013/02/04,780,788,762,781,316000,781
2013/02/05,763,786,756,759,241200,759
2013/02/06,779,788,773,783,239000,783
2013/02/07,777,789,775,781,232900,781
2013/02/08,782,808,767,795,452600,795
2013/02/12,806,838,802,822,659200,822
2013/02/13,817,822,775,792,467000,792
2013/02/14,792,794,772,780,280500,780
2013/02/15,766,774,741,771,384500,771
2013/02/18,785,829,785,822,588200,822
2013/02/19,807,834,806,818,260100,818
2013/02/20,830,830,806,813,183300,813
2013/02/21,812,831,802,807,216200,807
2013/02/22,789,822,780,822,351400,822
2013/02/25,829,838,816,827,307400,827
2013/02/26,810,840,805,820,426100,820
2013/02/27,820,828,802,804,180000,804
2013/02/28,817,828,802,822,325900,822
2013/03/01,827,904,823,895,1035800,895
2013/03/04,903,943,894,917,561800,917
2013/03/05,936,950,910,924,331200,924
2013/03/06,939,965,937,950,513200,950
2013/03/07,958,974,944,955,358400,955
2013/03/08,960,1029,954,991,817600,991
2013/03/11,1030,1100,1030,1075,875800,1075
2013/03/12,1075,1076,1030,1037,494500,1037
2013/03/13,1010,1102,987,1072,1098800,1072
2013/03/14,1100,1120,1075,1107,639600,1107
2013/03/15,1125,1149,1122,1146,495000,1146
2013/03/18,1125,1130,1097,1098,683800,1098
2013/03/19,1115,1139,1110,1121,283900,1121
2013/03/21,1141,1144,1093,1115,1109900,1115
2013/03/22,1116,1117,1075,1083,463900,1083
2013/03/25,1080,1110,1071,1071,455000,1071
2013/03/26,1050,1071,1042,1056,515900,1056
2013/03/27,1052,1076,1050,1061,471600,1061
2013/03/28,1058,1060,1018,1034,316700,1034
2013/03/29,1010,1020,985,999,493000,999
2013/04/01,995,995,899,903,578700,903
2013/04/02,888,980,851,946,729400,946
2013/04/03,962,992,959,965,476700,965
2013/04/04,935,984,909,983,661300,983
2013/04/05,1073,1075,1001,1020,1026600,1020
2013/04/08,1060,1070,1040,1057,681700,1057
2013/04/09,1090,1097,1037,1048,513100,1048
2013/04/10,1044,1080,1034,1046,332900,1046
2013/04/11,1072,1080,1042,1070,558600,1070
2013/04/12,1060,1111,1050,1110,712400,1110
2013/04/15,1080,1110,1060,1087,403500,1087
2013/04/16,1060,1157,1051,1134,995000,1134
2013/04/17,1172,1293,1166,1278,2053800,1278
2013/04/18,1280,1397,1270,1376,1971200,1376
2013/04/19,1386,1482,1385,1443,1740600,1443
2013/04/22,1473,1477,1426,1445,752200,1445
2013/04/23,1415,1438,1394,1414,672500,1414
2013/04/24,1439,1471,1403,1428,585900,1428
2013/04/25,1415,1430,1366,1412,575800,1412
2013/04/26,1412,1421,1387,1394,456600,1394
2013/04/30,1390,1449,1374,1417,916000,1417
2013/05/01,1400,1430,1379,1385,552100,1385
2013/05/02,1380,1409,1335,1367,580200,1367
2013/05/07,1435,1540,1432,1514,1050700,1514
2013/05/08,1554,1693,1554,1625,1708900,1625
2013/05/09,1597,1629,1496,1504,1120000,1504
2013/05/10,1550,1586,1511,1552,1028300,1552
2013/05/13,1586,1600,1549,1583,616700,1583
2013/05/14,1599,1599,1543,1575,593200,1575
2013/05/15,1615,1620,1507,1517,795700,1517
2013/05/16,1500,1534,1423,1478,658200,1478
2013/05/17,1478,1558,1453,1534,609500,1534
2013/05/20,1584,1594,1533,1566,409400,1566
2013/05/21,1566,1566,1513,1520,340800,1520
2013/05/22,1505,1525,1471,1482,386400,1482
2013/05/23,1465,1473,1280,1293,1078500,1293
2013/05/24,1350,1410,1230,1331,689100,1331
2013/05/27,1252,1369,1250,1342,582600,1342
2013/05/28,1296,1357,1283,1340,327500,1340
2013/05/29,1374,1374,1325,1365,307100,1365
2013/05/30,1320,1320,1256,1274,452100,1274
2013/05/31,1304,1320,1254,1292,455600,1292
2013/06/03,1233,1250,1180,1189,451000,1189
2013/06/04,1180,1250,1157,1234,1343600,1234
2013/06/05,1243,1250,1130,1141,603900,1141
2013/06/06,1106,1181,1102,1104,468100,1104
2013/06/07,1095,1114,1041,1073,665200,1073
2013/06/10,1154,1191,1145,1191,410800,1191
2013/06/11,1208,1260,1183,1222,444200,1222
2013/06/12,1150,1200,1123,1189,326600,1189
2013/06/13,1133,1149,1100,1103,409700,1103
2013/06/14,1160,1172,1080,1081,505800,1081
2013/06/17,1080,1144,1070,1129,307200,1129
2013/06/18,1131,1158,1118,1125,242300,1125
2013/06/19,1200,1200,1150,1161,456400,1161
2013/06/20,1130,1145,1100,1103,569500,1103
2013/06/21,1070,1082,1023,1062,987800,1062
2013/06/24,1092,1152,1088,1106,680200,1106
2013/06/25,1076,1100,1026,1045,798600,1045
2013/06/26,1075,1084,1011,1018,417000,1018
2013/06/27,1039,1055,982,1052,477900,1052
2013/06/28,1091,1190,1089,1176,935500,1176
2013/07/01,1195,1260,1187,1260,563800,1260
2013/07/02,1284,1297,1241,1288,447600,1288
2013/07/03,1299,1336,1280,1329,489500,1329
2013/07/04,1299,1351,1299,1347,348000,1347
2013/07/05,1357,1360,1328,1352,247700,1352
2013/07/08,1382,1400,1348,1348,420200,1348
2013/07/09,1350,1397,1347,1396,369800,1396
2013/07/10,1390,1422,1383,1416,479900,1416
2013/07/11,1386,1421,1380,1414,232500,1414
2013/07/12,1420,1422,1383,1397,215800,1397
2013/07/16,1391,1426,1386,1404,195200,1404
2013/07/17,1400,1412,1374,1387,263200,1387
2013/07/18,1400,1420,1394,1405,419800,1405
2013/07/19,1405,1413,1323,1343,821200,1343
2013/07/22,1350,1367,1335,1343,352100,1343
2013/07/23,1334,1372,1331,1358,312200,1358
2013/07/24,1362,1375,1351,1371,224300,1371
2013/07/25,1375,1388,1344,1344,252100,1344
2013/07/26,1305,1368,1305,1316,409200,1316
2013/07/29,1270,1288,1220,1238,671300,1238
2013/07/30,1212,1306,1207,1281,329800,1281
2013/07/31,1270,1315,1261,1290,357500,1290
2013/08/01,1300,1375,1294,1375,430800,1375
2013/08/02,1380,1394,1360,1388,234800,1388
2013/08/05,1378,1390,1350,1368,124400,1368
2013/08/06,1358,1372,1322,1369,186500,1369
2013/08/07,1342,1357,1320,1321,167400,1321
2013/08/08,1313,1340,1286,1290,182000,1290
2013/08/09,1275,1320,1255,1263,320800,1263
2013/08/12,1236,1245,1218,1228,195900,1228
2013/08/13,1230,1270,1230,1268,143000,1268
2013/08/14,1282,1314,1270,1313,205900,1313
2013/08/15,1283,1306,1277,1282,164100,1282
2013/08/16,1279,1279,1257,1265,260700,1265
2013/08/19,1270,1284,1263,1270,199500,1270
2013/08/20,1256,1268,1220,1220,257600,1220
2013/08/21,1226,1251,1213,1234,286800,1234
2013/08/22,1210,1240,1201,1223,305800,1223
2013/08/23,1253,1255,1228,1239,156800,1239
2013/08/26,1243,1260,1230,1235,144500,1235
2013/08/27,1234,1245,1211,1222,197600,1222
2013/08/28,1185,1218,1182,1211,297000,1211
2013/08/29,1210,1216,1190,1209,178600,1209
2013/08/30,1210,1230,1197,1200,211100,1200
2013/09/02,1201,1247,1201,1243,218300,1243
2013/09/03,1264,1287,1261,1280,279700,1280
2013/09/04,1270,1345,1257,1319,319500,1319
2013/09/05,1314,1339,1304,1320,199300,1320
2013/09/06,1333,1343,1297,1304,146100,1304
2013/09/09,1394,1399,1350,1382,301600,1382
2013/09/10,1382,1415,1381,1410,272100,1410
2013/09/11,1485,1492,1458,1470,468700,1470
2013/09/12,1470,1491,1460,1485,374100,1485
2013/09/13,1490,1544,1488,1539,573800,1539
2013/09/17,1550,1573,1540,1543,349400,1543
2013/09/18,1550,1566,1547,1556,637100,1556
2013/09/19,1579,1593,1570,1584,550100,1584
2013/09/20,1595,1595,1580,1591,375500,1591
2013/09/24,1588,1630,1586,1625,551700,1625
2013/09/25,1620,1620,1540,1555,511700,1555
2013/09/26,1451,1514,1450,1497,571000,1497
2013/09/27,1501,1517,1474,1480,366800,1480
2013/09/30,1426,1455,1420,1442,249700,1442
2013/10/01,1430,1465,1416,1424,208600,1424
2013/10/02,1396,1425,1355,1375,334800,1375
2013/10/03,1352,1382,1350,1356,336600,1356
2013/10/04,1340,1358,1315,1333,236000,1333
2013/10/07,1327,1338,1252,1285,255400,1285
2013/10/08,1260,1312,1250,1304,361600,1304
2013/10/09,1295,1404,1291,1397,355300,1397
2013/10/10,1400,1432,1399,1430,388800,1430
2013/10/11,1469,1469,1429,1441,229400,1441
2013/10/15,1450,1463,1429,1438,300000,1438
2013/10/16,1430,1466,1424,1463,232300,1463
2013/10/17,1487,1509,1461,1476,345100,1476
2013/10/18,1471,1474,1440,1453,187500,1453
2013/10/21,1443,1456,1436,1448,246300,1448
2013/10/22,1454,1459,1442,1447,144200,1447
2013/10/23,1458,1459,1419,1421,191700,1421
2013/10/24,1402,1425,1390,1416,227300,1416
2013/10/25,1425,1447,1405,1416,351000,1416
2013/10/28,1418,1443,1418,1434,268800,1434
2013/10/29,1435,1478,1428,1447,345500,1447
2013/10/30,1445,1463,1397,1419,767900,1419
2013/10/31,1403,1430,1387,1388,210400,1388
2013/11/01,1388,1396,1320,1343,320800,1343
2013/11/05,1369,1375,1334,1368,423300,1368
2013/11/06,1366,1384,1354,1372,171700,1372
2013/11/07,1385,1385,1363,1364,220100,1364
2013/11/08,1337,1358,1330,1354,166800,1354
2013/11/11,1380,1394,1344,1354,138100,1354
2013/11/12,1339,1390,1339,1383,119900,1383
2013/11/13,1394,1416,1376,1389,186900,1389
2013/11/14,1410,1450,1394,1441,307100,1441
2013/11/15,1465,1505,1461,1486,407700,1486
2013/11/18,1515,1547,1500,1523,512500,1523
2013/11/19,1501,1522,1490,1512,200800,1512
2013/11/20,1501,1522,1490,1503,181800,1503
2013/11/21,1509,1512,1487,1507,192900,1507
2013/11/22,1520,1522,1483,1497,281600,1497
2013/11/25,1515,1519,1491,1508,175800,1508
2013/11/26,1498,1549,1495,1546,550800,1546
2013/11/27,1535,1575,1530,1567,465800,1567
2013/11/28,1582,1618,1576,1617,765000,1617
2013/11/29,1597,1629,1595,1629,434800,1629
2013/12/02,1628,1648,1620,1638,332000,1638
2013/12/03,1628,1641,1621,1627,265500,1627
2013/12/04,1602,1616,1575,1593,326400,1593
2013/12/05,1570,1615,1570,1571,235300,1571
2013/12/06,1572,1578,1532,1557,360300,1557
2013/12/09,1584,1595,1560,1576,483300,1576
2013/12/10,1571,1572,1555,1557,296500,1557
2013/12/11,1557,1584,1550,1577,293100,1577
2013/12/12,1540,1566,1540,1552,201700,1552
2013/12/13,1545,1575,1501,1526,420500,1526
2013/12/16,1536,1546,1516,1517,171800,1517
2013/12/17,1523,1542,1523,1537,191500,1537
2013/12/18,1528,1546,1528,1545,247500,1545
2013/12/19,1551,1595,1551,1584,485400,1584
2013/12/20,1588,1589,1559,1579,265900,1579
2013/12/24,1587,1593,1560,1565,258200,1565
2013/12/25,1547,1568,1546,1561,302400,1561
2013/12/26,1590,1677,1577,1668,504100,1668
2013/12/27,1667,1668,1625,1661,329000,1661
2013/12/30,1698,1770,1689,1757,617600,1757
2014/01/06,1735,1747,1708,1730,366000,1730
2014/01/07,1716,1731,1688,1698,274400,1698
2014/01/08,1711,1764,1711,1762,281600,1762
2014/01/09,1753,1753,1720,1734,213000,1734
2014/01/10,1723,1752,1711,1747,226700,1747
2014/01/14,1681,1720,1670,1699,283500,1699
2014/01/15,1720,1734,1695,1700,374000,1700
2014/01/16,1729,1729,1674,1677,328000,1677
2014/01/17,1672,1701,1672,1689,151400,1689
2014/01/20,1698,1698,1663,1671,201100,1671
2014/01/21,1691,1708,1665,1665,239100,1665
2014/01/22,1695,1720,1685,1715,418700,1715
2014/01/23,1727,1732,1693,1693,279900,1693
2014/01/24,1662,1690,1651,1682,294500,1682
2014/01/27,1597,1626,1596,1597,477500,1597
2014/01/28,1617,1657,1602,1611,381000,1611
2014/01/29,1645,1659,1624,1659,217700,1659
2014/01/30,1608,1619,1590,1610,224100,1610
2014/01/31,1636,1646,1564,1593,304500,1593
2014/02/03,1555,1570,1514,1515,359700,1515
2014/02/04,1385,1450,1380,1396,664600,1396
2014/02/05,1455,1480,1424,1473,563700,1473
2014/02/06,1465,1490,1455,1471,274600,1471
2014/02/07,1500,1542,1500,1534,332300,1534
2014/02/10,1599,1605,1564,1592,439000,1592
2014/02/12,1636,1640,1564,1568,257800,1568
2014/02/13,1568,1583,1531,1537,160300,1537
2014/02/14,1532,1545,1492,1519,292000,1519
2014/02/17,1519,1546,1485,1539,193800,1539
2014/02/18,1543,1593,1531,1583,375200,1583
2014/02/19,1568,1571,1524,1530,212600,1530
2014/02/20,1525,1539,1495,1499,174800,1499
2014/02/21,1520,1539,1498,1528,193000,1528
2014/02/24,1520,1553,1493,1520,166900,1520
2014/02/25,1533,1539,1512,1520,150100,1520
2014/02/26,1500,1521,1489,1492,176500,1492
2014/02/27,1488,1502,1468,1471,149500,1471
2014/02/28,1468,1482,1446,1462,266200,1462
2014/03/03,1441,1445,1400,1441,205000,1441
2014/03/04,1412,1442,1404,1433,157500,1433
2014/03/05,1459,1470,1435,1440,146500,1440
2014/03/06,1435,1483,1435,1471,179900,1471
2014/03/07,1495,1509,1484,1496,231600,1496
2014/03/10,1495,1500,1470,1478,213800,1478
2014/03/11,1479,1510,1476,1492,223900,1492
2014/03/12,1456,1477,1442,1450,407600,1450
2014/03/13,1451,1481,1449,1459,228000,1459
2014/03/14,1429,1438,1404,1415,361000,1415
2014/03/17,1401,1412,1360,1372,248100,1372
2014/03/18,1402,1408,1390,1394,183800,1394
2014/03/19,1402,1410,1373,1387,224300,1387
2014/03/20,1389,1416,1361,1362,234400,1362
2014/03/24,1376,1459,1371,1427,446000,1427
2014/03/25,1430,1444,1403,1409,262300,1409
2014/03/26,1414,1417,1375,1385,306500,1385
2014/03/27,1340,1356,1313,1349,251400,1349
2014/03/28,1350,1400,1345,1390,254300,1390
2014/03/31,1413,1414,1361,1379,354000,1379
2014/04/01,1379,1400,1358,1389,254900,1389
2014/04/02,1388,1398,1375,1381,221700,1381
2014/04/03,1393,1430,1389,1413,334200,1413
2014/04/04,1404,1416,1401,1407,114900,1407
2014/04/07,1382,1387,1350,1369,284200,1369
2014/04/08,1342,1350,1315,1316,186300,1316
2014/04/09,1291,1297,1264,1267,256600,1267
2014/04/10,1308,1332,1250,1290,341200,1290
2014/04/11,1238,1337,1223,1271,283200,1271
2014/04/14,1252,1287,1252,1261,127800,1261
2014/04/15,1286,1298,1265,1277,195200,1277
2014/04/16,1283,1335,1283,1334,229100,1334
2014/04/17,1335,1355,1331,1348,186700,1348
2014/04/18,1350,1354,1330,1352,101200,1352
2014/04/21,1350,1394,1350,1373,221300,1373
2014/04/22,1369,1376,1325,1330,168400,1330
2014/04/23,1326,1336,1300,1312,283100,1312
2014/04/24,1308,1324,1296,1306,202200,1306
2014/04/25,1295,1322,1289,1310,237900,1310
2014/04/28,1284,1296,1250,1261,289300,1261
2014/04/30,1253,1271,1202,1217,568800,1217
2014/05/01,1244,1252,1222,1252,258100,1252
2014/05/02,1255,1263,1243,1256,148300,1256
2014/05/07,1227,1231,1205,1214,287400,1214
2014/05/08,1214,1225,1197,1210,366900,1210
2014/05/09,1200,1227,1200,1211,199600,1211
2014/05/12,1207,1222,1188,1189,201100,1189
2014/05/13,1219,1226,1206,1214,211400,1214
2014/05/14,1203,1225,1197,1212,119400,1212
2014/05/15,1198,1214,1188,1209,120500,1209
2014/05/16,1190,1195,1174,1185,278000,1185
2014/05/19,1185,1185,1162,1165,201400,1165
2014/05/20,1165,1206,1161,1198,344900,1198
2014/05/21,1199,1203,1175,1196,172600,1196
2014/05/22,1205,1244,1205,1242,183300,1242
2014/05/23,1242,1275,1240,1256,170500,1256
2014/05/26,1274,1286,1268,1279,245500,1279
2014/05/27,1284,1337,1284,1315,267300,1315
2014/05/28,1320,1334,1302,1306,194300,1306
2014/05/29,1305,1325,1302,1318,102200,1318
2014/05/30,1337,1345,1314,1326,162700,1326
2014/06/02,1350,1375,1343,1370,186800,1370
2014/06/03,1389,1390,1376,1380,150000,1380
2014/06/04,1381,1388,1367,1383,111900,1383
2014/06/05,1380,1380,1351,1363,185500,1363
2014/06/06,1382,1397,1370,1392,170000,1392
2014/06/09,1405,1418,1398,1411,122100,1411
2014/06/10,1416,1425,1378,1405,275300,1405
2014/06/11,1390,1412,1389,1404,130400,1404
2014/06/12,1388,1417,1385,1409,139900,1409
2014/06/13,1398,1430,1390,1428,155700,1428
2014/06/16,1422,1434,1401,1413,122300,1413
2014/06/17,1411,1440,1411,1427,122800,1427
2014/06/18,1434,1443,1422,1442,92100,1442
2014/06/19,1445,1458,1435,1455,234700,1455
2014/06/20,1458,1472,1443,1462,231000,1462
2014/06/23,1475,1476,1447,1453,145200,1453
2014/06/24,1443,1474,1430,1465,128100,1465
2014/06/25,1455,1473,1446,1458,182400,1458
2014/06/26,1460,1463,1438,1452,86100,1452
2014/06/27,1439,1451,1408,1411,188800,1411
2014/06/30,1405,1433,1403,1429,191900,1429
2014/07/01,1440,1464,1440,1456,172300,1456
2014/07/02,1468,1470,1447,1450,173700,1450
2014/07/03,1450,1456,1422,1431,177400,1431
2014/07/04,1444,1454,1429,1434,135600,1434
2014/07/07,1423,1443,1420,1421,55500,1421
2014/07/08,1406,1414,1381,1400,142000,1400
2014/07/09,1370,1397,1363,1377,200800,1377
2014/07/10,1377,1385,1348,1353,173100,1353
2014/07/11,1323,1341,1318,1327,311400,1327
2014/07/14,1327,1353,1326,1352,117800,1352
2014/07/15,1369,1370,1342,1358,139500,1358
2014/07/16,1342,1354,1309,1311,299400,1311
2014/07/17,1315,1327,1306,1313,259900,1313
2014/07/18,1283,1307,1280,1297,168400,1297
2014/07/22,1294,1303,1290,1296,146200,1296
2014/07/23,1294,1299,1280,1281,132600,1281
2014/07/24,1270,1289,1263,1270,187000,1270
2014/07/25,1274,1303,1270,1300,190300,1300
2014/07/28,1295,1316,1293,1313,109500,1313
2014/07/29,1305,1313,1298,1304,109000,1304
2014/07/30,1314,1319,1298,1314,189000,1314
2014/07/31,1320,1320,1289,1290,160500,1290
2014/08/01,1264,1264,1221,1242,350700,1242
2014/08/04,1239,1254,1232,1247,198500,1247
2014/08/05,1247,1250,1228,1230,169600,1230
2014/08/06,1224,1234,1212,1217,203100,1217
2014/08/07,1210,1238,1210,1236,124900,1236
2014/08/08,1211,1227,1202,1211,174800,1211
2014/08/11,1241,1296,1239,1273,187800,1273
2014/08/12,1267,1285,1253,1260,128500,1260
2014/08/13,1268,1281,1257,1274,65000,1274
2014/08/14,1282,1291,1278,1290,81700,1290
2014/08/15,1293,1300,1268,1275,131300,1275
2014/08/18,1283,1328,1283,1327,210000,1327
2014/08/19,1331,1335,1310,1317,124800,1317
2014/08/20,1320,1320,1307,1315,136300,1315
2014/08/21,1319,1330,1305,1328,287000,1328
2014/08/22,1328,1354,1327,1343,234100,1343
2014/08/25,1350,1350,1329,1336,114300,1336
2014/08/26,1330,1346,1277,1312,156100,1312
2014/08/27,1310,1325,1282,1296,212000,1296
2014/08/28,1289,1298,1280,1287,101700,1287
2014/08/29,1282,1286,1252,1255,189400,1255
2014/09/01,1265,1290,1261,1289,140100,1289
2014/09/02,1309,1350,1308,1342,326300,1342
2014/09/03,1357,1374,1354,1367,264100,1367
2014/09/04,1365,1368,1352,1357,133000,1357
2014/09/05,1359,1367,1354,1364,121400,1364
2014/09/08,1364,1383,1362,1370,130300,1370
2014/09/09,1384,1396,1380,1384,124800,1384
2014/09/10,1370,1375,1323,1368,300500,1368
2014/09/11,1397,1400,1369,1379,215800,1379
2014/09/12,1365,1377,1353,1362,177300,1362
2014/09/16,1382,1389,1366,1377,112000,1377
2014/09/17,1377,1387,1350,1366,101700,1366
2014/09/18,1356,1395,1355,1381,170600,1381
2014/09/19,1386,1397,1373,1387,214200,1387
2014/09/22,1395,1396,1385,1393,110900,1393
2014/09/24,1389,1407,1376,1381,250400,1381
2014/09/25,1396,1407,1391,1401,163200,1401
2014/09/26,1356,1377,1351,1362,147000,1362
2014/09/29,1375,1382,1354,1364,110500,1364
2014/09/30,1363,1363,1307,1314,152100,1314
2014/10/01,1313,1318,1294,1303,142200,1303
2014/10/02,1291,1298,1262,1268,163900,1268
2014/10/03,1268,1285,1257,1274,120900,1274
2014/10/06,1290,1298,1275,1277,157800,1277
2014/10/07,1277,1284,1255,1261,217900,1261
2014/10/08,1246,1247,1232,1238,142200,1238
2014/10/09,1247,1255,1219,1220,107900,1220
2014/10/10,1200,1218,1194,1211,178500,1211
2014/10/14,1190,1201,1170,1179,315200,1179
2014/10/15,1197,1211,1193,1211,147400,1211
2014/10/16,1171,1179,1119,1122,412000,1122
2014/10/17,1119,1149,1119,1133,259300,1133
2014/10/20,1160,1194,1147,1186,170700,1186
2014/10/21,1193,1200,1175,1178,154700,1178
2014/10/22,1204,1227,1196,1206,189000,1206
2014/10/23,1194,1202,1180,1185,133500,1185
2014/10/24,1203,1203,1163,1166,259200,1166
2014/10/27,1170,1176,1145,1157,130100,1157
2014/10/28,1156,1161,1149,1154,75200,1154
2014/10/29,1158,1202,1158,1183,155600,1183
2014/10/30,1190,1210,1180,1187,208600,1187
2014/10/31,1208,1284,1172,1283,501000,1283
2014/11/04,1395,1455,1354,1443,990700,1443
2014/11/05,1414,1439,1394,1418,368400,1418
2014/11/06,1425,1433,1360,1368,404700,1368
2014/11/07,1371,1412,1371,1393,230100,1393
2014/11/10,1371,1400,1367,1386,125000,1386
2014/11/11,1390,1411,1385,1398,125300,1398
2014/11/12,1408,1414,1375,1378,142800,1378
2014/11/13,1378,1407,1378,1395,138800,1395
2014/11/14,1410,1415,1382,1404,147300,1404
2014/11/17,1395,1398,1339,1345,182600,1345
2014/11/18,1342,1368,1333,1348,227700,1348
2014/11/19,1355,1370,1329,1332,217700,1332
2014/11/20,1325,1335,1288,1295,343200,1295
2014/11/21,1291,1321,1281,1315,319600,1315
2014/11/25,1325,1334,1302,1306,134300,1306
2014/11/26,1302,1322,1302,1305,101700,1305
2014/11/27,1302,1303,1275,1278,179600,1278
2014/11/28,1275,1290,1272,1283,118300,1283
2014/12/01,1290,1309,1284,1298,170100,1298
2014/12/02,1298,1334,1292,1332,169300,1332
2014/12/03,1362,1375,1344,1349,195300,1349
2014/12/04,1370,1414,1369,1396,562300,1396
2014/12/05,1392,1420,1382,1420,261900,1420
2014/12/08,1435,1439,1402,1410,432800,1410
2014/12/09,1396,1400,1367,1372,211700,1372
2014/12/10,1342,1364,1334,1348,242600,1348
2014/12/11,1300,1333,1291,1329,207900,1329
2014/12/12,1310,1326,1305,1305,255600,1305
2014/12/15,1298,1299,1273,1274,162100,1274
2014/12/16,1259,1266,1245,1250,185500,1250
2014/12/17,1240,1280,1240,1264,173900,1264
2014/12/18,1324,1327,1286,1294,205200,1294
2014/12/19,1339,1358,1328,1353,292100,1353
2014/12/22,1353,1353,1305,1333,166500,1333
2014/12/24,1341,1348,1321,1325,286400,1325
2014/12/25,1310,1338,1309,1312,521900,1312
2014/12/26,1312,1327,1305,1318,279400,1318
2014/12/29,1329,1334,1300,1309,165900,1309
2014/12/30,1314,1318,1296,1309,157300,1309
2015/01/05,1310,1322,1292,1300,228100,1300
2015/01/06,1281,1286,1250,1259,356000,1259
2015/01/07,1250,1266,1246,1251,179400,1251
2015/01/08,1265,1265,1251,1255,103200,1255
2015/01/09,1256,1275,1256,1269,165600,1269
2015/01/13,1255,1255,1218,1233,193700,1233
2015/01/14,1216,1227,1200,1205,286600,1205
2015/01/15,1206,1243,1201,1239,150900,1239
2015/01/16,1213,1223,1202,1213,151800,1213
2015/01/19,1222,1230,1196,1203,163300,1203
2015/01/20,1209,1243,1206,1229,311400,1229
2015/01/21,1201,1221,1170,1183,570800,1183
2015/01/22,1176,1186,1167,1186,193500,1186
2015/01/23,1206,1220,1192,1196,203600,1196
2015/01/26,1186,1203,1180,1198,124900,1198
2015/01/27,1217,1245,1213,1243,304900,1243
2015/01/28,1235,1264,1225,1248,232000,1248
2015/01/29,1227,1249,1203,1210,437400,1210
2015/01/30,1222,1235,1193,1203,403300,1203
2015/02/02,1189,1200,1176,1184,205900,1184
2015/02/03,1189,1198,1181,1192,227800,1192
2015/02/04,1202,1256,1202,1243,335000,1243
2015/02/05,1230,1236,1204,1210,215000,1210
2015/02/06,1231,1264,1230,1258,353200,1258
2015/02/09,1270,1274,1250,1259,188200,1259
2015/02/10,1255,1262,1243,1258,96600,1258
2015/02/12,1278,1288,1272,1278,120800,1278
2015/02/13,1283,1304,1283,1296,223100,1296
2015/02/16,1306,1335,1300,1316,209700,1316
2015/02/17,1317,1340,1313,1321,158900,1321
2015/02/18,1321,1346,1321,1336,164300,1336
2015/02/19,1328,1340,1310,1332,263700,1332
2015/02/20,1335,1359,1327,1355,232400,1355
2015/02/23,1362,1370,1327,1338,149800,1338
2015/02/24,1331,1360,1331,1355,140600,1355
2015/02/25,1368,1368,1346,1352,101900,1352
2015/02/26,1346,1361,1340,1357,131000,1357
2015/02/27,1347,1352,1333,1346,160300,1346
2015/03/02,1346,1375,1344,1348,147800,1348
2015/03/03,1352,1354,1324,1330,123500,1330
2015/03/04,1319,1346,1311,1341,181700,1341
2015/03/05,1337,1369,1336,1351,197100,1351
2015/03/06,1360,1398,1353,1398,335800,1398
2015/03/09,1398,1424,1381,1403,237600,1403
2015/03/10,1414,1414,1355,1363,360700,1363
2015/03/11,1344,1368,1343,1360,99700,1360
2015/03/12,1356,1380,1356,1373,110900,1373
2015/03/13,1343,1354,1321,1336,691400,1336
2015/03/16,1346,1382,1342,1363,319800,1363
2015/03/17,1355,1386,1346,1368,580800,1368
2015/03/18,1379,1383,1347,1381,393800,1381
2015/03/19,1382,1388,1354,1358,298200,1358
2015/03/20,1371,1378,1358,1376,268000,1376
2015/03/23,1382,1407,1376,1383,271300,1383
2015/03/24,1383,1404,1359,1372,347600,1372
2015/03/25,1367,1372,1347,1359,282300,1359
2015/03/26,1350,1350,1322,1329,337400,1329
2015/03/27,1300,1333,1295,1307,430400,1307
2015/03/30,1300,1329,1283,1319,401100,1319
2015/03/31,1339,1343,1298,1302,285100,1302
2015/04/01,1287,1303,1273,1293,259500,1293
2015/04/02,1296,1334,1296,1314,183100,1314
2015/04/03,1312,1320,1290,1311,199700,1311
2015/04/06,1304,1324,1297,1310,115200,1310
2015/04/07,1320,1322,1301,1309,106100,1309
2015/04/08,1318,1344,1318,1329,212300,1329
2015/04/09,1335,1335,1316,1326,119900,1326
2015/04/10,1326,1347,1326,1343,162900,1343
2015/04/13,1350,1358,1340,1352,120100,1352
2015/04/14,1345,1361,1340,1359,200700,1359
2015/04/15,1360,1368,1334,1340,139000,1340
2015/04/16,1322,1354,1317,1354,155800,1354
2015/04/17,1344,1365,1335,1342,133600,1342
2015/04/20,1326,1327,1285,1287,281300,1287
2015/04/21,1305,1308,1289,1298,153500,1298
2015/04/22,1302,1318,1283,1311,267600,1311
2015/04/23,1320,1339,1314,1318,334800,1318
2015/04/24,1318,1318,1285,1285,255200,1285
2015/04/27,1285,1303,1285,1298,139400,1298
2015/04/28,1298,1310,1290,1292,162100,1292
2015/04/30,1285,1301,1272,1290,244600,1290
2015/05/01,1270,1287,1268,1280,170300,1280
2015/05/07,1286,1305,1276,1290,152900,1290
2015/05/08,1295,1305,1286,1301,122700,1301
2015/05/11,1308,1321,1299,1304,143400,1304
2015/05/12,1305,1310,1295,1306,94200,1306
2015/05/13,1302,1304,1287,1297,73100,1297
2015/05/14,1284,1300,1276,1280,91700,1280
2015/05/15,1292,1306,1275,1287,117900,1287
2015/05/18,1299,1306,1287,1300,121100,1300
2015/05/19,1300,1313,1300,1310,149800,1310
2015/05/20,1310,1321,1302,1303,112100,1303
2015/05/21,1308,1314,1294,1294,166200,1294
2015/05/22,1289,1293,1272,1289,131100,1289
2015/05/25,1291,1300,1291,1293,105100,1293
2015/05/26,1290,1292,1243,1254,550100,1254
2015/05/27,1247,1251,1226,1232,314600,1232
2015/05/28,1237,1237,1214,1218,349800,1218
2015/05/29,1219,1229,1203,1205,318600,1205
2015/06/01,1207,1210,1193,1208,279300,1208
2015/06/02,1208,1210,1185,1193,413900,1193
2015/06/03,1200,1224,1197,1213,324700,1213
2015/06/04,1228,1249,1221,1245,328600,1245
2015/06/05,1230,1243,1222,1241,163500,1241
2015/06/08,1247,1257,1243,1250,203100,1250
2015/06/09,1242,1246,1218,1222,202300,1222
2015/06/10,1225,1236,1201,1202,280700,1202
2015/06/11,1217,1221,1209,1215,192100,1215
2015/06/12,1210,1227,1206,1220,321800,1220
2015/06/15,1210,1217,1205,1212,144200,1212
2015/06/16,1210,1219,1194,1215,263300,1215
2015/06/17,1214,1217,1202,1204,172300,1204
2015/06/18,1205,1208,1195,1200,194300,1200
2015/06/19,1205,1221,1204,1208,269900,1208
2015/06/22,1208,1229,1207,1213,243400,1213
2015/06/23,1218,1229,1206,1228,293900,1228
2015/06/24,1228,1234,1222,1225,202900,1225
2015/06/25,1221,1230,1206,1222,165200,1222
2015/06/26,1223,1230,1210,1225,164400,1225
2015/06/29,1195,1205,1184,1184,352500,1184
2015/06/30,1199,1199,1183,1196,255500,1196
2015/07/01,1199,1210,1190,1204,148700,1204
2015/07/02,1211,1224,1211,1216,155000,1216
2015/07/03,1204,1213,1198,1208,214200,1208
2015/07/06,1192,1196,1177,1182,210700,1182
2015/07/07,1193,1200,1182,1184,139600,1184
2015/07/08,1180,1181,1142,1142,241000,1142
2015/07/09,1120,1141,1077,1141,338900,1141
2015/07/10,1135,1152,1128,1135,154300,1135
2015/07/13,1142,1154,1138,1150,90400,1150
2015/07/14,1177,1199,1174,1192,230000,1192
2015/07/15,1182,1197,1171,1192,172500,1192
2015/07/16,1194,1194,1177,1190,255800,1190
2015/07/17,1197,1197,1176,1179,199300,1179
2015/07/21,1187,1187,1170,1176,167400,1176
2015/07/22,1166,1169,1141,1150,205600,1150
2015/07/23,1159,1159,1142,1150,98800,1150
2015/07/24,1156,1158,1149,1153,99800,1153
2015/07/27,1159,1159,1134,1139,116000,1139
2015/07/28,1130,1132,1114,1121,224800,1121
2015/07/29,1122,1130,1111,1126,134600,1126
2015/07/30,1129,1161,1121,1150,201100,1150
2015/07/31,1151,1152,1130,1137,126800,1137
2015/08/03,1136,1138,1115,1122,105100,1122
2015/08/04,1122,1124,1111,1115,80100,1115
2015/08/05,1115,1137,1111,1131,80600,1131
2015/08/06,1125,1143,1125,1134,92300,1134
2015/08/07,1135,1151,1130,1149,113900,1149
2015/08/10,1147,1159,1140,1159,73900,1159
2015/08/11,1165,1174,1148,1162,103500,1162
2015/08/12,1150,1155,1141,1146,109700,1146
2015/08/13,1142,1153,1130,1136,104300,1136
2015/08/14,1131,1133,1113,1119,120900,1119
2015/08/17,1129,1129,1117,1124,89700,1124
2015/08/18,1122,1139,1114,1138,123700,1138
2015/08/19,1139,1139,1116,1116,74100,1116
2015/08/20,1112,1129,1112,1115,88800,1115
2015/08/21,1099,1108,1085,1088,208900,1088
2015/08/24,1050,1062,968,975,362300,975
2015/08/25,934,969,902,926,374200,926
2015/08/26,930,975,926,971,309300,971
2015/08/27,1006,1025,1000,1002,217500,1002
2015/08/28,1038,1070,1031,1070,195300,1070
2015/08/31,1060,1065,1040,1053,231000,1053
2015/09/01,1031,1050,1016,1018,190000,1018
2015/09/02,992,1030,983,1005,202500,1005
2015/09/03,1019,1037,1003,1010,209600,1010
2015/09/04,1013,1016,970,986,228700,986
2015/09/07,977,987,948,978,196300,978
2015/09/08,970,1013,966,985,199100,985
2015/09/09,1010,1051,1004,1051,257500,1051
2015/09/10,1005,1051,1002,1041,177500,1041
2015/09/11,1016,1063,1016,1055,212000,1055
2015/09/14,1041,1061,1020,1026,152100,1026
2015/09/15,1026,1048,1000,1015,184300,1015
2015/09/16,1045,1107,1030,1096,612600,1096
2015/09/17,1105,1159,1098,1152,499700,1152
2015/09/18,1123,1169,1099,1169,985700,1169
2015/09/24,1110,1111,1049,1051,578100,1051
2015/09/25,1051,1076,1025,1059,446800,1059
2015/09/28,1044,1044,1012,1017,201600,1017
2015/09/29,976,1004,976,979,314700,979
2015/09/30,995,1044,995,1033,230800,1033
2015/10/01,1033,1056,1026,1049,174600,1049
2015/10/02,1029,1050,1027,1039,139400,1039
2015/10/05,1052,1052,1029,1043,96900,1043
2015/10/06,1053,1071,1026,1031,209200,1031
2015/10/07,1039,1070,1032,1065,139700,1065
2015/10/08,1059,1090,1054,1075,188200,1075
2015/10/09,1070,1093,1070,1090,142900,1090
2015/10/13,1089,1111,1089,1098,130500,1098
2015/10/14,1088,1093,1053,1056,165900,1056
2015/10/15,1040,1091,1040,1084,177300,1084
2015/10/16,1093,1119,1092,1100,144300,1100
2015/10/19,1111,1127,1090,1096,201600,1096
2015/10/20,1099,1102,1075,1079,157200,1079
2015/10/21,1071,1121,1071,1117,125100,1117
2015/10/22,1098,1111,1098,1106,88200,1106
2015/10/23,1150,1150,1121,1127,229500,1127
2015/10/26,1147,1147,1124,1124,91000,1124
2015/10/27,1117,1123,1103,1103,106800,1103
2015/10/28,1111,1120,1104,1117,156300,1117
2015/10/29,1120,1123,1105,1119,291100,1119
2015/10/30,1127,1149,1115,1121,356600,1121
2015/11/02,1109,1119,1100,1104,164200,1104
2015/11/04,1113,1130,1107,1121,185000,1121
2015/11/05,1121,1140,1117,1131,145700,1131
2015/11/06,1139,1139,1109,1120,98400,1120
2015/11/09,1116,1145,1112,1138,207200,1138
2015/11/10,1125,1148,1125,1144,129700,1144
2015/11/11,1144,1156,1135,1149,136400,1149
2015/11/12,1147,1153,1137,1145,93600,1145
2015/11/13,1125,1147,1125,1145,127300,1145
2015/11/16,1119,1136,1119,1123,86300,1123
2015/11/17,1142,1142,1128,1131,108900,1131
2015/11/18,1141,1149,1125,1130,128200,1130
2015/11/19,1141,1150,1134,1136,125200,1136
2015/11/20,1143,1145,1131,1143,93200,1143
2015/11/24,1147,1164,1143,1157,204000,1157
2015/11/25,1160,1160,1147,1152,91200,1152
2015/11/26,1156,1163,1149,1157,140900,1157
2015/11/27,1153,1163,1149,1153,94800,1153
2015/11/30,1145,1168,1140,1163,151200,1163
2015/12/01,1170,1194,1167,1192,229900,1192
2015/12/02,1192,1202,1181,1182,132400,1182
2015/12/03,1178,1181,1166,1181,141500,1181
2015/12/04,1157,1173,1152,1168,97800,1168
2015/12/07,1183,1188,1173,1173,67200,1173
2015/12/08,1173,1177,1152,1163,95400,1163
2015/12/09,1154,1163,1147,1149,79400,1149
2015/12/10,1130,1137,1115,1116,197400,1116
2015/12/11,1116,1141,1114,1130,186700,1130
2015/12/14,1109,1110,1082,1087,221500,1087
2015/12/15,1098,1098,1081,1082,105200,1082
2015/12/16,1100,1129,1091,1120,128500,1120
2015/12/17,1150,1150,1131,1140,151100,1140
2015/12/18,1139,1156,1102,1102,204300,1102
2015/12/21,1079,1098,1077,1086,159700,1086
2015/12/22,1090,1106,1084,1085,126800,1085
2015/12/24,1085,1094,1075,1077,124100,1077
2015/12/25,1070,1077,1059,1071,171100,1071
2015/12/28,1080,1115,1080,1114,107300,1114
2015/12/29,1100,1122,1090,1118,93100,1118
2015/12/30,1124,1133,1114,1116,58200,1116
2016/01/04,1114,1124,1081,1092,120500,1092
2016/01/05,1086,1104,1084,1090,87600,1090
2016/01/06,1092,1098,1072,1078,98800,1078
2016/01/07,1073,1083,1061,1067,106500,1067
2016/01/08,1059,1074,1054,1056,110900,1056
2016/01/12,1050,1050,1002,1005,140600,1005
2016/01/13,1023,1077,1023,1074,149800,1074
2016/01/14,1035,1044,1016,1039,145200,1039
2016/01/15,1058,1059,1026,1032,137600,1032
2016/01/18,1002,1013,992,998,269300,998
2016/01/19,1000,1025,991,1017,112100,1017
2016/01/20,1012,1039,1000,1002,240200,1002
2016/01/21,995,1034,970,974,219100,974
2016/01/22,1004,1021,986,1021,199700,1021
2016/01/25,1038,1066,1023,1057,171700,1057
2016/01/26,1039,1044,1024,1024,110800,1024
2016/01/27,1045,1063,1036,1051,101700,1051
2016/01/28,1049,1073,1036,1061,137800,1061
2016/01/29,1082,1130,1059,1111,236900,1111
2016/02/01,1150,1166,1126,1153,279500,1153
2016/02/02,1137,1158,1121,1127,151000,1127
2016/02/03,1119,1119,1082,1101,141800,1101
2016/02/04,1093,1124,1084,1107,167000,1107
2016/02/05,1085,1102,1079,1096,177200,1096
2016/02/08,1095,1145,1090,1136,258500,1136
2016/02/09,1087,1106,1072,1089,225400,1089
2016/02/10,1088,1093,1035,1058,229400,1058
2016/02/12,1000,1058,991,1001,356200,1001
2016/02/15,1049,1054,1000,1042,275600,1042
2016/02/16,1037,1115,1037,1092,318300,1092
2016/02/17,1080,1117,1074,1088,231900,1088
2016/02/18,1122,1134,1083,1089,181300,1089
2016/02/19,1075,1095,1060,1087,122400,1087
2016/02/22,1077,1104,1073,1078,203700,1078
2016/02/23,1082,1088,1061,1069,142500,1069
2016/02/24,1053,1089,1049,1063,136500,1063
2016/02/25,1072,1095,1050,1069,231300,1069
2016/02/26,1078,1089,1057,1060,144700,1060
2016/02/29,1073,1084,1059,1059,127600,1059
2016/03/01,1058,1073,1041,1064,203200,1064
2016/03/02,1086,1099,1079,1086,190800,1086
2016/03/03,1082,1112,1082,1111,141700,1111
2016/03/04,1108,1134,1105,1130,162300,1130
2016/03/07,1135,1146,1130,1130,74300,1130
2016/03/08,1125,1142,1103,1119,123400,1119
2016/03/09,1108,1116,1084,1096,155700,1096
2016/03/10,1114,1125,1100,1108,169600,1108
2016/03/11,1095,1123,1090,1120,109800,1120
2016/03/14,1129,1133,1106,1114,156900,1114
2016/03/15,1116,1117,1100,1102,203600,1102
2016/03/16,1091,1091,1052,1056,380400,1056
2016/03/17,1055,1059,1016,1022,370300,1022
2016/03/18,1025,1042,1023,1036,210500,1036
2016/03/22,1050,1054,1036,1044,199700,1044
2016/03/23,1051,1055,1042,1050,189400,1050
2016/03/24,1051,1057,1037,1037,215600,1037
2016/03/25,1037,1043,1022,1041,397300,1041
2016/03/28,1046,1050,1038,1049,462100,1049
2016/03/29,1023,1023,996,998,817900,998
2016/03/30,995,996,971,973,396900,973
2016/03/31,974,983,959,959,290400,959
2016/04/01,959,961,920,922,443200,922
2016/04/04,923,933,910,918,193600,918
2016/04/05,915,915,880,887,331600,887
2016/04/06,910,919,892,903,328300,903
2016/04/07,907,915,895,900,199100,900
2016/04/08,885,920,878,912,237800,912
2016/04/11,912,912,893,903,301000,903
2016/04/12,910,941,907,937,282000,937
2016/04/13,944,973,944,969,328400,969
2016/04/14,975,997,975,994,314800,994
2016/04/15,979,995,973,976,213100,976
2016/04/18,946,969,939,946,329500,946
2016/04/19,954,971,944,951,326400,951
2016/04/20,963,970,933,936,310800,936
2016/04/21,956,957,941,951,245700,951
2016/04/22,937,973,936,973,225700,973
2016/04/25,980,983,953,958,205700,958
2016/04/26,953,958,930,943,146400,943
2016/04/27,944,963,941,963,156100,963
2016/04/28,967,974,911,915,301500,915
2016/05/02,900,907,875,881,286100,881
2016/05/06,881,885,872,880,177500,880
2016/05/09,895,909,886,896,213900,896
2016/05/10,898,920,896,918,158600,918
2016/05/11,930,935,904,907,138600,907
2016/05/12,903,903,890,891,160000,891
2016/05/13,892,896,866,866,211600,866
2016/05/16,866,884,866,867,117100,867
2016/05/17,872,884,867,884,129000,884
2016/05/18,880,886,871,879,104900,879
2016/05/19,880,890,867,869,174800,869
2016/05/20,867,880,867,878,96000,878
2016/05/23,877,884,869,881,88400,881
2016/05/24,879,879,872,872,50900,872
2016/05/25,884,885,875,884,78000,884
2016/05/26,889,891,870,872,70600,872
2016/05/27,872,879,871,875,42200,875
2016/05/30,876,896,875,896,89700,896
2016/05/31,890,903,883,903,150100,903
2016/06/01,890,894,880,881,87900,881
2016/06/02,874,874,859,859,155400,859
2016/06/03,850,860,823,837,244600,837
2016/06/06,811,813,776,782,529200,782
2016/06/07,786,794,778,784,228500,784
2016/06/08,786,789,777,784,154200,784
2016/06/09,782,783,770,772,174200,772
2016/06/10,771,771,751,759,255600,759
2016/06/13,744,744,732,734,238200,734
2016/06/14,730,733,714,721,254500,721
2016/06/15,724,748,717,745,353000,745
2016/06/16,738,742,722,727,352000,727
2016/06/17,738,755,733,752,285000,752
2016/06/20,757,767,749,762,265800,762
2016/06/21,752,774,745,772,203600,772
2016/06/22,765,779,759,770,207500,770
2016/06/23,766,776,761,775,159300,775
2016/06/24,781,784,700,706,349300,706
2016/06/27,721,726,695,704,182500,704
2016/06/28,693,709,670,704,240000,704
2016/06/29,724,724,712,717,200000,717
2016/06/30,725,743,725,730,160800,730
2016/07/01,737,742,726,737,131900,737
2016/07/04,735,747,732,740,131000,740
2016/07/05,738,738,724,730,144700,730
2016/07/06,717,717,697,701,235200,701
2016/07/07,701,717,698,703,138800,703
2016/07/08,703,712,698,698,115100,698
2016/07/11,717,740,714,738,238800,738
2016/07/12,755,781,755,774,204500,774
2016/07/13,795,800,777,780,156900,780
2016/07/14,774,780,763,773,170400,773
2016/07/15,781,800,775,791,227100,791
2016/07/19,810,810,780,787,110500,787
2016/07/20,780,782,768,774,112800,774
2016/07/21,819,832,801,809,267900,809
2016/07/22,794,802,784,791,100000,791
2016/07/25,800,818,799,809,151200,809
2016/07/26,811,815,787,789,141800,789
2016/07/27,799,815,790,812,104700,812
2016/07/28,798,803,782,783,110500,783
2016/07/29,801,805,780,802,109500,802
2016/08/01,787,794,780,788,103200,788
2016/08/02,780,785,771,771,63900,771
2016/08/03,751,752,731,734,185800,734
2016/08/04,739,777,739,775,103700,775
2016/08/05,772,788,767,779,91300,779
2016/08/08,794,797,784,796,108100,796
2016/08/09,793,804,789,799,69700,799
2016/08/10,791,796,785,787,81500,787
2016/08/12,791,804,790,802,122500,802
2016/08/15,797,802,787,788,50400,788
2016/08/16,791,797,770,770,88500,770
2016/08/17,763,784,763,777,115500,777
2016/08/18,767,780,766,768,62400,768
2016/08/19,770,783,769,770,53500,770
2016/08/22,774,783,767,780,57300,780
2016/08/23,779,785,768,770,81400,770
2016/08/24,777,779,764,767,78400,767
2016/08/25,773,775,765,770,64000,770
2016/08/26,775,775,764,765,64300,765
2016/08/29,774,789,773,785,93600,785
2016/08/30,781,792,781,788,65200,788
2016/08/31,808,818,805,816,146900,816
2016/09/01,821,835,817,831,141500,831
2016/09/02,830,843,825,841,227800,841
2016/09/05,847,852,839,839,134900,839
2016/09/06,833,844,833,840,80200,840
2016/09/07,833,843,827,840,117900,840
2016/09/08,842,852,840,843,90800,843
2016/09/09,840,849,833,843,127300,843
2016/09/12,831,834,826,828,85800,828
2016/09/13,828,832,823,824,100200,824
2016/09/14,824,829,819,823,88400,823
2016/09/15,817,819,808,811,112200,811
2016/09/16,813,824,812,824,158700,824
2016/09/20,825,830,814,823,162000,823
2016/09/21,829,831,804,825,223100,825
2016/09/23,823,829,813,820,154200,820
2016/09/26,823,823,802,804,216700,804
2016/09/27,796,797,778,797,342100,797
2016/09/28,778,784,766,768,197800,768
2016/09/29,767,774,764,770,188800,770
2016/09/30,762,769,753,763,199900,763
2016/10/03,770,784,765,776,200200,776
2016/10/04,776,793,774,790,347200,790
2016/10/05,794,801,788,795,169400,795
2016/10/06,803,809,801,802,139500,802
2016/10/07,800,803,795,799,91300,799
2016/10/11,795,798,783,784,134200,784
2016/10/12,770,784,768,773,293900,773
2016/10/13,775,786,771,776,155600,776
2016/10/17,786,795,785,786,136000,786
2016/10/19,781,788,773,775,170300,775
2016/10/20,775,789,770,788,165600,788
2016/10/21,791,792,783,784,122000,784
2016/10/24,784,785,774,778,124500,778
2016/10/25,777,785,776,781,104100,781
2016/10/26,780,784,775,782,82300,782
2016/10/27,780,787,779,782,169000,782
2016/10/28,792,811,792,806,302400,806
2016/10/31,793,800,784,788,255900,788
2016/11/01,786,792,781,788,169500,788
2016/11/02,781,783,764,765,293200,765
2016/11/04,762,766,754,756,130900,756
2016/11/07,771,775,762,762,110300,762
2016/11/08,769,769,757,757,99400,757
2016/11/09,759,767,708,716,241700,716
2016/11/10,758,765,752,761,213300,761
2016/11/11,771,784,765,768,182500,768
2016/11/14,774,816,772,810,444000,810
2016/11/15,810,817,797,800,137900,800
2016/11/16,815,822,805,817,285700,817
2016/11/17,826,826,805,810,152400,810
2016/11/18,820,824,815,820,189700,820
2016/11/21,828,834,820,831,190800,831
2016/11/22,839,845,829,832,248600,832
2016/11/24,845,847,835,841,211000,841
2016/11/25,843,844,821,825,279000,825
2016/11/28,819,834,807,829,321100,829
2016/11/29,824,824,815,818,234600,818
2016/11/30,818,823,810,820,298700,820
2016/12/01,835,854,834,844,459500,844
2016/12/02,844,865,842,860,567100,860
2016/12/05,860,860,838,841,359000,841
2016/12/06,853,873,848,866,450300,866
2016/12/07,872,893,869,889,394200,889
2016/12/08,901,948,901,948,529200,948
2016/12/09,951,964,934,957,574600,957
2016/12/12,970,973,938,958,652000,958
2016/12/13,940,950,931,943,513100,943
2016/12/14,943,949,938,943,220600,943
2016/12/15,943,957,942,947,292300,947
2016/12/16,951,967,951,962,448400,962
2016/12/19,956,959,944,946,223800,946
2016/12/20,941,949,934,946,303000,946
2016/12/21,956,961,937,937,167600,937
2016/12/22,931,940,925,933,239100,933
2016/12/26,933,936,917,921,220400,921
2016/12/27,916,929,913,914,205700,914
2016/12/28,917,924,915,919,112000,919
2016/12/29,917,918,895,899,180600,899
2016/12/30,887,902,885,897,135600,897
2017/01/04,915,934,912,931,276100,931
2017/01/05,935,942,921,926,271400,926
2017/01/06,919,924,913,919,156100,919
2017/01/10,920,929,912,919,174200,919
2017/01/11,919,920,909,912,124200,912
2017/01/12,912,915,898,909,155200,909
2017/01/13,900,918,900,915,180800,915
2017/01/16,916,916,899,902,132000,902
2017/01/17,910,910,886,887,254800,887
2017/01/18,878,894,871,893,184000,893
2017/01/19,899,906,886,898,214300,898
2017/01/20,898,900,890,894,116600,894
2017/01/23,891,904,884,890,194100,890
2017/01/24,885,888,874,880,248700,880
2017/01/25,891,898,883,889,180400,889
2017/01/26,904,912,900,909,167400,909
2017/01/27,919,919,904,908,165000,908
2017/01/30,908,909,898,907,142300,907
2017/01/31,889,893,877,879,253600,879
2017/02/01,870,887,863,883,229500,883
2017/02/02,888,888,867,870,194100,870
2017/02/03,876,884,865,876,229900,876
2017/02/06,888,891,873,879,180000,879
2017/02/07,871,885,869,878,168000,878
2017/02/08,878,882,867,881,128700,881
2017/02/09,877,880,867,879,143200,879
2017/02/10,886,897,884,896,166900,896
2017/02/13,904,904,894,904,169500,904
2017/02/14,907,910,893,897,171300,897
2017/02/15,905,915,901,913,169000,913
2017/02/16,910,914,899,906,136900,906
2017/02/17,899,906,896,902,107400,902
2017/02/20,897,900,888,900,128500,900
2017/02/21,901,907,893,902,276000,902
2017/02/22,901,905,888,895,328700,895
2017/02/23,895,900,888,896,145600,896
2017/02/24,891,894,882,887,194400,887
2017/02/27,877,878,865,867,231300,867
2017/02/28,875,887,870,882,222000,882
2017/03/01,882,895,878,893,254100,893
2017/03/02,908,912,900,901,418100,901
2017/03/03,903,903,888,891,179300,891
2017/03/06,879,883,874,879,187000,879
2017/03/07,879,893,876,887,136500,887
2017/03/08,883,889,880,883,151000,883
2017/03/09,890,890,880,883,123700,883
2017/03/10,906,921,898,917,442500,917
2017/03/13,915,916,900,900,222000,900
2017/03/14,900,909,900,901,105200,901
2017/03/15,900,905,895,899,139700,899
2017/03/16,897,908,891,899,196400,899
2017/03/17,901,907,892,898,266500,898
2017/03/21,898,908,893,900,181400,900
2017/03/22,891,892,880,882,245200,882
2017/03/23,882,886,875,878,138700,878
2017/03/24,883,895,878,891,135500,891
2017/03/27,881,882,866,870,211000,870
2017/03/28,880,880,866,873,351700,873
2017/03/29,857,859,844,847,228400,847
2017/03/30,843,852,843,849,211800,849
2017/03/31,856,858,838,839,227700,839
2017/04/03,833,840,830,836,128600,836
2017/04/04,831,841,826,836,176900,836
2017/04/05,833,840,826,837,132100,837
2017/04/06,829,832,817,821,170000,821
2017/04/07,825,841,823,835,201500,835
2017/04/10,845,849,840,847,107700,847
2017/04/11,845,845,834,839,95700,839
2017/04/12,829,832,824,829,176100,829
2017/04/13,818,832,814,831,175700,831
2017/04/14,824,833,823,826,111900,826
2017/04/17,822,835,822,834,220100,834
2017/04/18,836,845,827,835,175300,835
2017/04/19,840,877,835,871,389800,871
2017/04/20,872,885,872,882,182200,882
2017/04/21,885,897,884,891,178100,891
2017/04/24,899,904,892,896,174900,896
2017/04/25,890,916,890,910,434900,910
2017/04/26,916,918,912,915,130500,915
2017/04/27,906,912,903,904,125300,904
2017/04/28,901,908,887,887,129300,887
2017/05/01,882,917,881,917,352300,917
2017/05/02,914,931,914,931,250800,931
2017/05/08,938,944,936,941,144800,941
2017/05/09,940,946,933,933,156900,933
2017/05/10,932,937,926,927,134600,927
2017/05/11,927,934,924,932,114200,932
2017/05/12,924,924,911,915,118400,915
2017/05/15,912,920,909,916,125400,916
2017/05/16,921,924,908,911,86600,911
2017/05/17,902,905,894,897,119700,897
2017/05/18,887,896,876,877,151300,877
2017/05/19,878,889,875,887,103400,887
2017/05/22,887,893,885,887,65000,887
2017/05/23,894,894,885,887,108100,887
2017/05/24,893,895,883,889,108900,889
2017/05/25,888,891,881,889,93100,889
2017/05/26,890,892,875,875,126000,875
2017/05/29,874,877,867,871,62700,871
2017/05/30,870,871,860,870,81600,870
2017/05/31,867,885,859,881,231400,881
2017/06/01,878,902,878,896,233000,896
2017/06/02,902,931,902,930,263100,930
2017/06/05,925,925,916,921,146800,921
2017/06/06,920,933,916,923,179200,923
2017/06/07,925,941,922,938,206200,938
2017/06/08,931,936,908,910,242300,910
2017/06/09,913,928,905,928,229600,928
2017/06/12,916,928,916,925,157500,925
2017/06/13,920,929,918,926,76500,926
2017/06/14,930,934,922,928,146300,928
2017/06/15,919,923,906,906,165100,906
2017/06/16,909,938,909,938,307700,938
2017/06/19,927,929,919,926,172100,926
2017/06/20,931,946,931,940,205600,940
2017/06/21,935,938,927,931,112900,931
2017/06/22,929,942,923,942,124900,942
2017/06/23,944,945,938,939,89900,939
2017/06/26,943,943,930,939,89500,939
2017/06/27,939,949,939,948,152100,948
2017/06/28,949,953,942,946,141100,946
2017/06/29,950,956,949,953,144500,953
2017/06/30,947,949,939,943,110200,943
2017/07/03,941,961,941,959,168300,959
2017/07/04,963,968,953,956,122600,956
2017/07/05,955,962,949,959,121600,959
2017/07/06,952,959,946,953,220000,953
2017/07/07,948,959,941,941,115100,941
2017/07/10,943,946,935,937,176400,937
2017/07/11,936,948,936,941,111700,941
2017/07/12,939,939,925,929,138200,929
2017/07/13,935,937,920,922,144500,922
2017/07/14,927,934,925,926,113600,926
2017/07/18,925,938,918,937,163800,937
2017/07/19,936,945,929,941,166500,941
2017/07/20,945,964,944,954,203000,954
2017/07/21,960,980,959,978,386300,978
2017/07/24,975,976,961,972,127400,972
2017/07/25,977,983,970,970,149500,970
2017/07/26,983,983,975,975,195100,975
2017/07/27,976,1009,974,1000,325200,1000
2017/07/28,1000,1000,987,996,174600,996
2017/07/31,992,1003,989,990,196500,990
2017/08/01,990,994,974,979,115200,979
2017/08/02,981,989,973,975,86400,975
2017/08/03,970,972,956,958,117200,958
2017/08/04,962,975,959,967,145000,967
2017/08/07,978,990,978,981,128300,981
2017/08/08,980,982,975,981,77800,981
2017/08/09,976,982,962,967,102100,967
2017/08/10,967,979,961,963,88000,963
2017/08/14,951,957,941,949,125400,949
2017/08/15,956,971,956,960,81400,960
2017/08/16,960,986,960,977,195500,977
2017/08/17,972,990,967,989,151400,989
2017/08/18,977,990,971,990,173400,990
2017/08/21,995,1005,989,1001,219400,1001
2017/08/22,1000,1008,991,992,117700,992
2017/08/23,1003,1007,987,991,124100,991
2017/08/24,990,1008,988,997,266600,997
2017/08/25,1000,1017,995,1013,200800,1013
2017/08/28,1013,1034,1012,1030,185500,1030
2017/08/29,1023,1040,1000,1036,177700,1036
2017/08/30,1043,1063,1040,1056,290400,1056
2017/08/31,1056,1061,1033,1034,136800,1034
2017/09/01,1036,1042,1021,1026,114000,1026
2017/09/04,1026,1031,1008,1010,123300,1010
2017/09/05,1012,1012,990,993,97800,993
2017/09/06,983,990,975,984,134700,984
2017/09/07,995,1002,985,989,72400,989
2017/09/08,989,1006,988,992,179000,992
2017/09/11,1001,1014,999,1006,161800,1006
2017/09/12,1022,1024,1011,1017,119100,1017
2017/09/13,1020,1025,1013,1024,82900,1024
2017/09/14,1025,1025,1009,1012,94100,1012
2017/09/15,1020,1038,1006,1038,219000,1038
2017/09/19,1044,1057,1043,1056,143700,1056
2017/09/20,1067,1137,1067,1112,779600,1112
2017/09/21,1126,1150,1123,1139,456700,1139
2017/09/22,1139,1156,1128,1133,305700,1133
2017/09/25,1141,1141,1118,1119,183900,1119
2017/09/26,1113,1122,1108,1119,296300,1119
2017/09/27,1097,1111,1093,1101,181200,1101
2017/09/28,1108,1123,1107,1108,142600,1108
2017/09/29,1101,1107,1097,1103,126500,1103
2017/10/02,1100,1117,1100,1114,108100,1114
2017/10/03,1120,1126,1110,1123,87400,1123
2017/10/04,1121,1135,1120,1121,146500,1121
2017/10/05,1123,1126,1115,1115,78800,1115
2017/10/06,1124,1154,1120,1152,368100,1152
2017/10/10,1152,1152,1128,1133,168700,1133
2017/10/11,1126,1127,1110,1112,264000,1112
2017/10/12,1115,1119,1107,1112,135900,1112
2017/10/13,1102,1111,1094,1111,176100,1111
2017/10/16,1111,1174,1111,1171,440200,1171
2017/10/17,1160,1162,1142,1143,217400,1143
2017/10/18,1195,1247,1195,1237,1024800,1237
2017/10/19,1227,1246,1218,1245,431100,1245
2017/10/20,1241,1243,1226,1240,293300,1240
2017/10/23,1255,1277,1254,1264,432700,1264
2017/10/24,1245,1245,1215,1228,572900,1228
2017/10/25,1233,1234,1206,1221,462200,1221
2017/10/26,1221,1233,1220,1231,201700,1231
2017/10/27,1238,1239,1217,1229,304600,1229
2017/10/30,1240,1298,1240,1290,886200,1290
2017/10/31,1283,1307,1279,1295,401200,1295
2017/11/01,1307,1338,1277,1338,576100,1338
2017/11/02,1329,1361,1326,1342,484300,1342
2017/11/06,1361,1391,1359,1371,660400,1371
2017/11/07,1356,1383,1344,1371,340600,1371
2017/11/08,1370,1384,1365,1371,236100,1371
2017/11/09,1372,1391,1342,1359,371900,1359
2017/11/10,1340,1349,1326,1329,300900,1329
2017/11/13,1326,1333,1304,1306,181400,1306
2017/11/15,1305,1308,1272,1280,254800,1280
2017/11/16,1285,1310,1279,1292,272500,1292
2017/11/17,1313,1320,1285,1289,188900,1289
2017/11/20,1281,1309,1281,1291,186100,1291
2017/11/21,1303,1308,1296,1299,131100,1299
2017/11/22,1300,1302,1288,1294,148600,1294
2017/11/24,1294,1308,1282,1297,173600,1297
2017/11/27,1305,1308,1288,1289,164800,1289
2017/11/28,1287,1290,1262,1263,267800,1263
2017/11/29,1279,1294,1272,1277,213000,1277
2017/11/30,1274,1287,1265,1280,182200,1280
2017/12/01,1289,1292,1270,1276,184200,1276
2017/12/04,1275,1284,1267,1268,166300,1268
2017/12/05,1268,1276,1263,1271,147000,1271
2017/12/06,1256,1268,1242,1246,205900,1246
2017/12/07,1252,1261,1245,1257,151400,1257
2017/12/08,1262,1275,1261,1269,183700,1269
2017/12/11,1270,1277,1261,1272,126100,1272
2017/12/12,1272,1280,1266,1277,174700,1277
2017/12/13,1280,1333,1280,1314,458000,1314
2017/12/14,1314,1329,1297,1308,241000,1308
2017/12/15,1306,1327,1282,1290,215000,1290
2017/12/18,1305,1310,1287,1294,144800,1294
2017/12/19,1301,1318,1283,1288,173600,1288
2017/12/20,1294,1312,1274,1277,183000,1277
2017/12/21,1274,1283,1268,1282,141900,1282
2017/12/22,1288,1314,1288,1302,277600,1302
2017/12/25,1295,1304,1287,1294,118900,1294
2017/12/26,1295,1298,1284,1289,106600,1289
2017/12/27,1286,1307,1286,1303,134700,1303
2017/12/28,1303,1307,1286,1288,145600,1288
2017/12/29,1285,1292,1283,1286,91300,1286
2018/01/04,1311,1320,1299,1319,193900,1319
2018/01/05,1328,1354,1316,1341,294900,1341
2018/01/09,1355,1404,1347,1400,422500,1400
2018/01/10,1402,1413,1376,1399,244600,1399
2018/01/11,1395,1456,1395,1436,432900,1436
2018/01/12,1436,1440,1410,1428,144200,1428
2018/01/15,1436,1440,1416,1432,137400,1432
2018/01/16,1432,1451,1432,1445,217900,1445
2018/01/17,1432,1472,1432,1465,238400,1465
2018/01/18,1472,1472,1442,1442,212800,1442
2018/01/19,1438,1483,1438,1472,428500,1472
2018/01/22,1472,1499,1450,1486,406300,1486
2018/01/23,1500,1508,1479,1493,199300,1493
2018/01/24,1490,1508,1488,1493,259800,1493
2018/01/25,1488,1497,1472,1477,238000,1477
2018/01/26,1490,1490,1466,1468,136000,1468
2018/01/29,1480,1480,1449,1450,121900,1450
2018/01/30,1449,1451,1411,1412,348500,1412
2018/01/31,1412,1427,1393,1409,234100,1409
2018/02/01,1420,1455,1412,1450,332500,1450
2018/02/02,1440,1440,1412,1436,241100,1436
2018/02/05,1400,1414,1386,1389,206600,1389
2018/02/06,1305,1327,1280,1310,360000,1310
2018/02/07,1368,1368,1317,1317,240600,1317
2018/02/08,1330,1342,1315,1322,209200,1322
2018/02/09,1272,1288,1264,1284,256900,1284
2018/02/13,1309,1313,1247,1248,402400,1248
2018/02/14,1255,1287,1231,1236,402900,1236
2018/02/15,1251,1257,1228,1234,280200,1234
2018/02/16,1247,1272,1246,1252,184200,1252
2018/02/19,1258,1297,1258,1296,145100,1296
2018/02/20,1291,1296,1277,1293,127700,1293
2018/02/21,1284,1292,1271,1276,123800,1276
2018/02/22,1263,1266,1248,1259,112300,1259
2018/02/23,1260,1277,1254,1275,106600,1275
2018/02/26,1292,1292,1272,1284,124000,1284
2018/02/27,1295,1299,1283,1296,123500,1296
2018/02/28,1282,1295,1268,1268,156400,1268
2018/03/01,1268,1295,1261,1276,338400,1276
2018/03/02,1250,1269,1242,1265,211200,1265
2018/03/05,1255,1263,1238,1249,166800,1249
2018/03/06,1264,1279,1256,1261,182600,1261
2018/03/07,1253,1270,1241,1265,186900,1265
2018/03/08,1270,1270,1243,1249,141200,1249
2018/03/09,1268,1271,1240,1243,174200,1243
2018/03/12,1257,1265,1249,1265,112400,1265
2018/03/13,1259,1284,1255,1284,114200,1284
2018/03/14,1273,1283,1264,1269,113600,1269
2018/03/15,1271,1274,1245,1261,140600,1261
2018/03/16,1261,1262,1251,1262,78300,1262
2018/03/19,1262,1269,1246,1252,176200,1252
2018/03/20,1243,1305,1243,1299,257000,1299
2018/03/22,1320,1335,1307,1335,274200,1335
2018/03/23,1305,1305,1239,1241,525300,1241
2018/03/26,1227,1252,1197,1248,286700,1248
2018/03/27,1272,1280,1256,1272,333500,1272
2018/03/28,1225,1241,1193,1206,306400,1206
2018/03/29,1215,1228,1201,1213,267400,1213
2018/03/30,1223,1253,1214,1246,185900,1246
2018/04/02,1250,1266,1249,1259,124700,1259
2018/04/03,1246,1267,1239,1264,137600,1264
2018/04/04,1272,1283,1261,1283,154200,1283
2018/04/05,1291,1292,1269,1273,194500,1273
2018/04/06,1278,1279,1261,1264,158100,1264
2018/04/09,1260,1263,1244,1255,129400,1255
2018/04/10,1241,1258,1232,1252,174800,1252
2018/04/11,1258,1264,1240,1250,112700,1250
2018/04/12,1250,1259,1239,1241,112200,1241
2018/04/13,1247,1258,1242,1254,140300,1254
2018/04/16,1254,1262,1246,1250,65500,1250
2018/04/17,1248,1250,1226,1230,231500,1230
2018/04/18,1233,1317,1233,1299,490300,1299
2018/04/19,1300,1300,1275,1281,141700,1281
2018/04/20,1274,1300,1274,1295,180800,1295
2018/04/23,1295,1309,1291,1305,147800,1305
2018/04/24,1310,1343,1310,1333,244500,1333
2018/04/25,1327,1345,1321,1341,133900,1341
2018/04/26,1345,1354,1333,1353,210200,1353
2018/04/27,1351,1368,1333,1344,305400,1344
2018/05/01,1341,1341,1251,1260,439100,1260
2018/05/02,1300,1335,1295,1325,416500,1325
2018/05/07,1325,1325,1302,1314,119600,1314
2018/05/08,1310,1319,1300,1312,164800,1312
2018/05/09,1306,1321,1294,1298,174600,1298
2018/05/10,1292,1297,1281,1288,128800,1288
2018/05/11,1295,1315,1293,1310,204100,1310
2018/05/14,1308,1315,1297,1312,102500,1312
2018/05/15,1315,1328,1295,1295,135100,1295
2018/05/16,1284,1306,1284,1293,155900,1293
2018/05/17,1299,1319,1295,1310,146200,1310
2018/05/18,1320,1342,1320,1334,157400,1334
2018/05/21,1330,1336,1318,1326,86900,1326
2018/05/22,1326,1326,1314,1321,68100,1321
2018/05/23,1320,1324,1302,1319,134600,1319
2018/05/24,1313,1326,1305,1311,174800,1311
2018/05/25,1301,1311,1295,1307,111600,1307
2018/05/28,1301,1303,1287,1296,71400,1296
2018/05/29,1299,1302,1278,1294,160900,1294
2018/05/30,1280,1293,1271,1290,199000,1290
2018/05/31,1301,1304,1286,1289,242700,1289
2018/06/01,1285,1305,1278,1295,195500,1295
2018/06/04,1313,1323,1303,1316,110900,1316
2018/06/05,1307,1307,1280,1291,177100,1291
2018/06/06,1282,1287,1274,1275,122000,1275
2018/06/07,1286,1304,1281,1303,142900,1303
2018/06/08,1302,1311,1298,1299,140200,1299
2018/06/11,1298,1303,1284,1300,74900,1300
2018/06/12,1300,1303,1291,1292,110600,1292
2018/06/13,1286,1303,1286,1299,78000,1299
2018/06/14,1286,1296,1280,1285,105800,1285
2018/06/15,1286,1286,1261,1267,191000,1267
2018/06/18,1267,1267,1241,1251,101800,1251
2018/06/19,1243,1259,1231,1232,100500,1232
2018/06/20,1232,1237,1208,1234,133700,1234
2018/06/21,1235,1242,1221,1221,120000,1221
2018/06/22,1210,1229,1202,1229,208600,1229
2018/06/25,1227,1229,1201,1207,164900,1207
2018/06/26,1200,1203,1180,1199,119000,1199
2018/06/27,1189,1208,1181,1201,127700,1201
2018/06/28,1200,1200,1181,1191,130100,1191
2018/06/29,1192,1206,1183,1200,95700,1200
2018/07/02,1190,1207,1180,1182,134600,1182
2018/07/03,1179,1185,1166,1171,150400,1171
2018/07/04,1165,1178,1163,1171,82100,1171
2018/07/05,1165,1171,1148,1151,177000,1151
2018/07/06,1143,1164,1135,1160,165400,1160
2018/07/09,1167,1185,1151,1185,124200,1185
2018/07/10,1186,1189,1161,1161,160200,1161
2018/07/11,1150,1151,1129,1141,199500,1141
2018/07/12,1143,1152,1138,1140,113700,1140
2018/07/13,1158,1160,1141,1149,67700,1149
2018/07/17,1136,1162,1136,1147,172000,1147
2018/07/18,1154,1175,1150,1163,252800,1163
2018/07/19,1158,1159,1143,1143,204900,1143
2018/07/20,1135,1144,1130,1132,148800,1132
2018/07/23,1127,1145,1124,1131,125700,1131
2018/07/24,1144,1146,1132,1134,89900,1134
2018/07/25,1144,1146,1131,1132,95400,1132
2018/07/26,1142,1142,1130,1134,115300,1134
2018/07/27,1133,1136,1105,1109,382300,1109
2018/07/30,1110,1128,1102,1118,250100,1118
2018/07/31,1105,1114,1083,1095,397800,1095
2018/08/01,1089,1116,1085,1115,298900,1115
2018/08/02,1114,1120,1102,1105,112400,1105
2018/08/03,1101,1101,1084,1084,174100,1084
2018/08/06,1081,1092,1072,1081,145100,1081
2018/08/07,1073,1095,1072,1092,124100,1092
2018/08/08,1084,1101,1084,1094,135500,1094
2018/08/09,1100,1106,1087,1088,66800,1088
2018/08/10,1081,1090,1079,1081,111700,1081
2018/08/13,1069,1069,1053,1055,147900,1055
2018/08/14,1066,1080,1064,1077,143100,1077
2018/08/15,1077,1089,1065,1069,113600,1069
2018/08/16,1058,1065,1049,1064,162400,1064
2018/08/17,1064,1077,1062,1074,106400,1074
2018/08/20,1073,1091,1073,1084,119400,1084
2018/08/21,1079,1084,1070,1082,80200,1082
2018/08/22,1078,1098,1078,1098,88700,1098
2018/08/23,1114,1129,1108,1120,194500,1120
2018/08/24,1124,1124,1107,1113,135900,1113
2018/08/27,1110,1128,1108,1118,186100,1118
2018/08/28,1120,1126,1104,1106,132100,1106
2018/08/29,1106,1114,1102,1104,123300,1104
2018/08/30,1115,1117,1108,1113,97600,1113
2018/08/31,1105,1120,1105,1112,136300,1112
2018/09/03,1112,1115,1090,1097,117200,1097
2018/09/04,1100,1105,1093,1097,100700,1097
2018/09/05,1097,1109,1095,1104,103600,1104
2018/09/06,1095,1105,1091,1098,92300,1098
2018/09/07,1090,1092,1080,1089,108700,1089
2018/09/10,1083,1096,1081,1091,78800,1091
2018/09/11,1090,1096,1083,1090,140500,1090
2018/09/12,1092,1095,1065,1076,184600,1076
2018/09/13,1076,1093,1075,1080,84300,1080
2018/09/14,1085,1100,1084,1087,137000,1087
2018/09/18,1093,1126,1089,1123,112100,1123
2018/09/19,1136,1138,1126,1130,182800,1130
2018/09/20,1133,1148,1115,1142,257700,1142
2018/09/21,1151,1164,1143,1158,264700,1158
2018/09/25,1160,1176,1150,1176,321100,1176
2018/09/26,1147,1171,1140,1168,170000,1168
2018/09/27,1168,1185,1158,1175,194400,1175
2018/09/28,1184,1196,1179,1181,126400,1181
2018/10/01,1179,1187,1172,1175,137200,1175
2018/10/02,1180,1191,1173,1182,172500,1182
2018/10/03,1185,1185,1153,1156,195000,1156
2018/10/04,1169,1170,1153,1165,105000,1165
2018/10/05,1153,1168,1151,1152,124000,1152
2018/10/09,1150,1151,1140,1147,111500,1147
2018/10/10,1142,1149,1131,1143,130900,1143
2018/10/11,1079,1101,1079,1082,232200,1082
2018/10/12,1082,1083,1070,1079,134800,1079
2018/10/15,1069,1070,1055,1056,153600,1056
2018/10/16,1052,1060,1046,1058,129600,1058
2018/10/17,1070,1079,1067,1078,144400,1078
2018/10/18,1072,1072,1025,1030,352800,1030
2018/10/19,1012,1026,1009,1020,414200,1020
2018/10/22,1012,1012,996,1007,255800,1007
2018/10/23,998,999,977,984,233900,984
2018/10/24,990,990,981,983,190100,983
2018/10/25,961,962,940,942,275300,942
2018/10/26,952,957,921,932,232300,932
2018/10/30,895,946,893,940,226600,940
2018/11/01,947,954,940,943,115900,943
2018/11/02,948,984,948,983,262500,983
2018/11/05,970,970,951,955,222600,955
2018/11/06,961,969,953,964,96500,964
2018/11/07,964,985,962,967,153800,967
2018/11/08,990,990,971,973,111000,973
2018/11/09,971,974,959,968,139100,968
2018/11/12,965,976,961,972,86200,972
2018/11/13,942,951,941,948,165900,948
2018/11/14,950,963,950,954,105300,954
2018/11/15,943,949,937,942,96100,942
2018/11/16,938,939,924,927,123000,927
